-- phpMyAdmin SQL Dump
-- version 5.1.1
-- https://www.phpmyadmin.net/
--
-- Host: 127.0.0.1
-- Generation Time: Mar 23, 2022 at 06:03 PM
-- Server version: 10.4.21-MariaDB
-- PHP Version: 7.4.23

SET SQL_MODE = "NO_AUTO_VALUE_ON_ZERO";
START TRANSACTION;
SET time_zone = "+00:00";


/*!40101 SET @OLD_CHARACTER_SET_CLIENT=@@CHARACTER_SET_CLIENT */;
/*!40101 SET @OLD_CHARACTER_SET_RESULTS=@@CHARACTER_SET_RESULTS */;
/*!40101 SET @OLD_COLLATION_CONNECTION=@@COLLATION_CONNECTION */;
/*!40101 SET NAMES utf8mb4 */;

--
-- Database: `web_dev_assignment`
--

-- --------------------------------------------------------

--
-- Table structure for table `album`
--

CREATE TABLE `album` (
  `album_id` int(11) NOT NULL COMMENT 'unique number to identify an album',
  `number` int(11) NOT NULL COMMENT 'rank of placement in chart',
  `thumbnail` varchar(255) NOT NULL COMMENT 'url image of album cover',
  `album_cover` varchar(255) NOT NULL COMMENT 'url image of album cover',
  `track` varchar(255) NOT NULL COMMENT 'youtube key ',
  `year_id` int(11) NOT NULL COMMENT 'unique key for year'
) ENGINE=InnoDB DEFAULT CHARSET=utf8mb4;

--
-- Dumping data for table `album`
--

INSERT INTO `album` (`album_id`, `number`, `thumbnail`, `album_cover`, `track`, `year_id`) VALUES
(1, 1, ' https://img.discogs.com/5niM71_Gc3Zkk6VK4cRlpHpQRIY=/fit-in/600x590/filters:strip_icc():format(jpeg):mode_rgb():quality(90)/discogs-images/R-499497-1456047383-9489.jpeg.jpg', ' https://img.discogs.com/XYAISCrvfWSf9IpDKqzJmzrd3vM=/fit-in/150x150/filters:strip_icc():format(jpeg):mode_rgb():quality(40)/discogs-images/R-499497-1456047383-9489.jpeg.jpg', 'L8_U_ALdpEM', 2),
(2, 2, ' https://img.discogs.com/RM6K8ZhHMRaq7BE-Wn4ULfzdZhU=/fit-in/598x598/filters:strip_icc():format(jpeg):mode_rgb():quality(90)/discogs-images/R-1354479-1346387027-4774.jpeg.jpg', ' https://img.discogs.com/cggQcugiL3XUE96KsWoudxkKJ7c=/fit-in/150x150/filters:strip_icc():format(jpeg):mode_rgb():quality(40)/discogs-images/R-1354479-1346387027-4774.jpeg.jpg', 'xDmPK-lyGb0', 3),
(3, 3, ' https://img.discogs.com/WpAqPtfFQP1shlj2slPzZth5jRk=/fit-in/600x599/filters:strip_icc():format(jpeg):mode_rgb():quality(90)/discogs-images/R-2318045-1276592861.jpeg.jpg', ' https://img.discogs.com/mZGBA0MjtnTtWLjRjfuznEoTWiw=/fit-in/150x150/filters:strip_icc():format(jpeg):mode_rgb():quality(40)/discogs-images/R-2318045-1276592861.jpeg.jpg', 'khoPQvqNmag', 3),
(4, 4, ' https://img.discogs.com/NA05ND3r_Zk3Uo7zhaQyVRWvQRs=/fit-in/600x600/filters:strip_icc():format(jpeg):mode_rgb():quality(90)/discogs-images/R-6590004-1422648212-9623.jpeg.jpg', ' https://img.discogs.com/nDZQMqvahCuMLDklJlWG51q4y9o=/fit-in/150x150/filters:strip_icc():format(jpeg):mode_rgb():quality(40)/discogs-images/R-6590004-1422648212-9623.jpeg.jpg', '1hhrtdQ9i-A', 4),
(5, 5, ' https://img.discogs.com/J8pB9M1_Yxs2dMHoYeb7idrVZbk=/fit-in/600x600/filters:strip_icc():format(jpeg):mode_rgb():quality(90)/discogs-images/R-13226139-1551052667-1707.jpeg.jpg', ' https://img.discogs.com/7CCe9axmnMdW1MY0PIqa6-dAQk8=/fit-in/150x150/filters:strip_icc():format(jpeg):mode_rgb():quality(40)/discogs-images/R-13226139-1551052667-1707.jpeg.jpg', '5GShV3iBEPk', 4),
(6, 6, ' https://img.discogs.com/de_3C0BpBdL6M_qwMFserUcrrF8=/fit-in/600x599/filters:strip_icc():format(jpeg):mode_rgb():quality(90)/discogs-images/R-1559040-1311042861.jpeg.jpg', ' https://img.discogs.com/1o2-xf05cW9SKJ9t_goONNBI6PQ=/fit-in/150x150/filters:strip_icc():format(jpeg):mode_rgb():quality(40)/discogs-images/R-1559040-1311042861.jpeg.jpg', '9eAG-g5umko', 5),
(7, 7, ' https://img.discogs.com/agvuoedHYAj_v3SuERkFX-rFohc=/fit-in/600x607/filters:strip_icc():format(jpeg):mode_rgb():quality(90)/discogs-images/R-20726068-1635177751-8922.jpeg.jpg', ' https://img.discogs.com/j1Q4ClPduUEgr98r7ho0cWyX42g=/fit-in/150x150/filters:strip_icc():format(jpeg):mode_rgb():quality(40)/discogs-images/R-20726068-1635177751-8922.jpeg.jpg', 'kNFF1a8pIbM', 6),
(8, 8, ' https://img.discogs.com/BIf-HtYZj0067PHwyP9U-DCxymw=/fit-in/600x600/filters:strip_icc():format(jpeg):mode_rgb():quality(90)/discogs-images/R-470912-1607761182-5824.jpeg.jpg', ' https://img.discogs.com/mc60TjUxzEiuYlU6SBT1F8cGFak=/fit-in/150x150/filters:strip_icc():format(jpeg):mode_rgb():quality(40)/discogs-images/R-470912-1607761182-5824.jpeg.jpg', 'CvI2xbU3baQ', 7),
(9, 9, ' https://img.discogs.com/Rn6Pd1hqtY_CRJ3Vw_Cg51XO4QQ=/fit-in/600x602/filters:strip_icc():format(jpeg):mode_rgb():quality(90)/discogs-images/R-1431601-1387141380-8085.jpeg.jpg', ' https://img.discogs.com/hnfT-AnXd70y1gw66oTBAZmLneg=/fit-in/150x150/filters:strip_icc():format(jpeg):mode_rgb():quality(40)/discogs-images/R-1431601-1387141380-8085.jpeg.jpg', 'cFyGL3lAFA4', 3),
(10, 10, ' https://img.discogs.com/8acMy8Ntiy0TF7gPzZTsdER8zwk=/fit-in/600x606/filters:strip_icc():format(jpeg):mode_rgb():quality(90)/discogs-images/R-8065046-1454474102-6930.jpeg.jpg', ' https://img.discogs.com/kCJoZHiHwo4n5-LdcIfP0cTpQZ4=/fit-in/150x150/filters:strip_icc():format(jpeg):mode_rgb():quality(40)/discogs-images/R-8065046-1454474102-6930.jpeg.jpg', 'dhdOPhTHeoE', 8),
(11, 11, ' https://img.discogs.com/pztSv1PtWWWydXf99W3NKyzGSzM=/fit-in/598x598/filters:strip_icc():format(jpeg):mode_rgb():quality(90)/discogs-images/R-1729944-1345331715-2311.jpeg.jpg', ' https://img.discogs.com/MGSNhzobDXxyrwImeIWyeM680mg=/fit-in/150x150/filters:strip_icc():format(jpeg):mode_rgb():quality(40)/discogs-images/R-1729944-1345331715-2311.jpeg.jpg', 'TL0DzHsjaBY', 9),
(12, 12, ' https://img.discogs.com/ma15Vk6CBvQw_BSIBhXF3c2VtqI=/fit-in/600x617/filters:strip_icc():format(jpeg):mode_rgb():quality(90)/discogs-images/R-2252871-1508562123-2519.jpeg.jpg', ' https://img.discogs.com/LjIGXwYAntTlO7qS2Iu5Y23GPIo=/fit-in/150x150/filters:strip_icc():format(jpeg):mode_rgb():quality(40)/discogs-images/R-2252871-1508562123-2519.jpeg.jpg', 'j9QXpfvgSVk', 10),
(13, 13, ' https://img.discogs.com/AD8KNCvyCpmBQrQ0FI6FIj878Ak=/600x250/smart/filters:strip_icc():format(jpeg):mode_rgb():quality(90)/discogs-images/A-39766-1620457330-8737.jpeg.jpg', ' https://img.discogs.com/7x2fcrnkDXyYWMCKvHJk-CMl2jQ=/150x150/smart/filters:strip_icc():format(jpeg):mode_rgb():quality(40)/discogs-images/A-39766-1620457330-8737.jpeg.jpg', 'zZmCDDeD-ks', 2),
(14, 14, ' https://img.discogs.com/iLgFfMgcCfxdrpYN5wlhJ-FmrKw=/fit-in/600x600/filters:strip_icc():format(jpeg):mode_rgb():quality(90)/discogs-images/R-2607424-1630601087-1199.jpeg.jpg', ' https://img.discogs.com/doiM8iyq6bcqt2TmjZzdSUc0b88=/fit-in/150x150/filters:strip_icc():format(jpeg):mode_rgb():quality(40)/discogs-images/R-2607424-1630601087-1199.jpeg.jpg', 'LCFY9UeVUM', 11),
(15, 15, ' https://img.discogs.com/Akf9IrDSo9iBiBzrILE1LFk66H8=/fit-in/600x600/filters:strip_icc():format(jpeg):mode_rgb():quality(90)/discogs-images/R-993028-1576333201-8530.jpeg.jpg', ' https://img.discogs.com/LLe_TodzVM5Ucr3HdDej8Oq2wn8=/fit-in/150x150/filters:strip_icc():format(jpeg):mode_rgb():quality(40)/discogs-images/R-993028-1576333201-8530.jpeg.jpg', 'WGoDaYjdfSg', 2),
(16, 16, ' https://img.discogs.com/qcqEACdPsxB7ido_Po_M0C8DoIs=/fit-in/600x600/filters:strip_icc():format(jpeg):mode_rgb():quality(90)/discogs-images/R-2306941-1337433891-5176.jpeg.jpg', ' https://img.discogs.com/5QyPfwJRnGOX6gFLWYHn0XW6bSQ=/fit-in/150x150/filters:strip_icc():format(jpeg):mode_rgb():quality(40)/discogs-images/R-2306941-1337433891-5176.jpeg.jpg', 'QKcNyMBw818', 13),
(17, 17, ' https://img.discogs.com/UoDAnoi3Cbp_JvOrz4CRgZBBSfg=/fit-in/600x592/filters:strip_icc():format(jpeg):mode_rgb():quality(90)/discogs-images/R-367084-1263095553.jpeg.jpg', ' https://img.discogs.com/xuyvsRVdjY3aiJnHF8BkejxbcTg=/fit-in/150x150/filters:strip_icc():format(jpeg):mode_rgb():quality(40)/discogs-images/R-367084-1263095553.jpeg.jpg', 'ljUtuoFt-8c', 13),
(18, 18, ' https://img.discogs.com/ob8UMH7a15LIvG6iFZXflh3QaP8=/fit-in/600x600/filters:strip_icc():format(jpeg):mode_rgb():quality(90)/discogs-images/R-12279412-1610723195-6360.jpeg.jpg', ' https://img.discogs.com/hbvRh6u1QuL-iVeYJspStKa51eg=/fit-in/150x150/filters:strip_icc():format(jpeg):mode_rgb():quality(40)/discogs-images/R-12279412-1610723195-6360.jpeg.jpg', 'Wu4_zVxmufY', 12),
(19, 19, ' https://img.discogs.com/D-7yrwR1ExCnF88GA5VGpYyBUSw=/fit-in/600x600/filters:strip_icc():format(jpeg):mode_rgb():quality(90)/discogs-images/R-3536289-1454991937-2351.jpeg.jpg', ' https://img.discogs.com/ju1RCBHmCETrmufjEAA9HHWrsRo=/fit-in/150x150/filters:strip_icc():format(jpeg):mode_rgb():quality(40)/discogs-images/R-3536289-1454991937-2351.jpeg.jpg', '4ech6pZoBJ4', 8),
(20, 20, ' https://img.discogs.com/7WGKGhsr4EkYJNQskB3nW-YdixI=/fit-in/600x602/filters:strip_icc():format(jpeg):mode_rgb():quality(90)/discogs-images/R-2911293-1594245812-7931.jpeg.jpg', ' https://img.discogs.com/XOmlYMla7xMzb382QAD76X3Feqg=/fit-in/150x150/filters:strip_icc():format(jpeg):mode_rgb():quality(40)/discogs-images/R-2911293-1594245812-7931.jpeg.jpg', 'sOnqjkJTMaA', 14),
(21, 21, ' https://img.discogs.com/BnHabM1LYOp2pM2YTy1Kr87rzOQ=/fit-in/595x595/filters:strip_icc():format(jpeg):mode_rgb():quality(90)/discogs-images/R-2692557-1297090992.jpeg.jpg', ' https://img.discogs.com/rBXY48HLcqrqaD-6lCw4Y6MrVWE=/fit-in/150x150/filters:strip_icc():format(jpeg):mode_rgb():quality(40)/discogs-images/R-2692557-1297090992.jpeg.jpg', 'VEYbZ1sI9bY', 14),
(22, 22, ' https://img.discogs.com/fBZqQ6MTBaYC0r5sM9gLkiF85ao=/fit-in/600x600/filters:strip_icc():format(jpeg):mode_rgb():quality(90)/discogs-images/R-804433-1378711592-2620.jpeg.jpg', ' https://img.discogs.com/RUvbKJrWKYOHydju10N6DReHvTA=/fit-in/150x150/filters:strip_icc():format(jpeg):mode_rgb():quality(40)/discogs-images/R-804433-1378711592-2620.jpeg.jpg', 'if7cEESOp54', 15),
(23, 23, ' https://img.discogs.com/G89t9cjHkEDovm2Zgnx8n7Bny0A=/fit-in/600x594/filters:strip_icc():format(jpeg):mode_rgb():quality(90)/discogs-images/R-1255883-1399477526-2041.jpeg.jpg', ' https://img.discogs.com/I92yDnZIEuI-dAolv_j0sKV3h4s=/fit-in/150x150/filters:strip_icc():format(jpeg):mode_rgb():quality(40)/discogs-images/R-1255883-1399477526-2041.jpeg.jpg', '3D0nMzHjMR8', 16),
(24, 24, ' https://img.discogs.com/hKYhhcE5coVNKLjcNPi9QMTZti4=/fit-in/600x600/filters:strip_icc():format(jpeg):mode_rgb():quality(90)/discogs-images/R-13286331-1551400916-4169.jpeg.jpg', ' https://img.discogs.com/1kPcgVy1ntWnvlKXpMl6rWSuMio=/fit-in/150x150/filters:strip_icc():format(jpeg):mode_rgb():quality(40)/discogs-images/R-13286331-1551400916-4169.jpeg.jpg', 'q8dK0iEzi1M', 17),
(25, 25, ' https://img.discogs.com/ayKUmFVou94jKjLk4V_vaj4bXtM=/fit-in/600x601/filters:strip_icc():format(jpeg):mode_rgb():quality(90)/discogs-images/R-1045058-1517689371-5679.jpeg.jpg', ' https://img.discogs.com/3wWclc8nZDqgqVc7xbZdspiX564=/fit-in/150x150/filters:strip_icc():format(jpeg):mode_rgb():quality(40)/discogs-images/R-1045058-1517689371-5679.jpeg.jpg', 'M3hnm4Shybg', 18),
(26, 26, ' https://img.discogs.com/E1fuzfDyxvME8-vI_plOepuPNCw=/fit-in/600x600/filters:strip_icc():format(jpeg):mode_rgb():quality(90)/discogs-images/R-8626822-1465424802-4335.jpeg.jpg', ' https://img.discogs.com/EhIuJF0z5bR5IHgewKG8iKw1OLE=/fit-in/150x150/filters:strip_icc():format(jpeg):mode_rgb():quality(40)/discogs-images/R-8626822-1465424802-4335.jpeg.jpg', 'uzEt9cATWFw', 19),
(27, 27, ' https://img.discogs.com/eLmB2vjqvQep2yK9RTAh_5tg4rk=/fit-in/597x600/filters:strip_icc():format(jpeg):mode_rgb():quality(90)/discogs-images/R-1341431-1215152830.jpeg.jpg', ' https://img.discogs.com/CX-S1uKKnjtg359MgaXFD7jx0vQ=/fit-in/150x150/filters:strip_icc():format(jpeg):mode_rgb():quality(40)/discogs-images/R-1341431-1215152830.jpeg.jpg', '0DYiLcdze3Y', 20),
(28, 28, ' https://img.discogs.com/hRVFhabj0cd61q5gThldZ9ig0co=/fit-in/600x603/filters:strip_icc():format(jpeg):mode_rgb():quality(90)/discogs-images/R-487464-1587376240-4941.jpeg.jpg', ' https://img.discogs.com/YIR8D71fcOFmOdpxGTHGJjOB898=/fit-in/150x150/filters:strip_icc():format(jpeg):mode_rgb():quality(40)/discogs-images/R-487464-1587376240-4941.jpeg.jpg', 'bhdllX-u89E', 5),
(29, 29, ' https://img.discogs.com/RijvOdB9peufvEkmWwDo0TZ2i8w=/fit-in/600x595/filters:strip_icc():format(jpeg):mode_rgb():quality(90)/discogs-images/R-1218217-1201488186.jpeg.jpg', ' https://img.discogs.com/vbkg0qa1txUNXx6KLOAPSrYm8cU=/fit-in/150x150/filters:strip_icc():format(jpeg):mode_rgb():quality(40)/discogs-images/R-1218217-1201488186.jpeg.jpg', 'G1rJohGD9LA', 11),
(30, 30, ' https://img.discogs.com/4SGVPIQ73cKqFCYBn5wEMAVa9sI=/600x800/smart/filters:strip_icc():format(jpeg):mode_rgb():quality(90)/discogs-images/A-90233-1591573559-9725.jpeg.jpg', ' https://img.discogs.com/d7F-RPQssfHEH6eTrNTAMViejlE=/150x150/smart/filters:strip_icc():format(jpeg):mode_rgb():quality(40)/discogs-images/A-90233-1591573559-9725.jpeg.jpg', 'Wq2jhs19_V8', 5),
(31, 31, ' https://img.discogs.com/KG9WcZnazcTtYdacm-5OuF0sEB0=/fit-in/598x564/filters:strip_icc():format(jpeg):mode_rgb():quality(90)/discogs-images/R-1062915-1343845271-9578.jpeg.jpg', ' https://img.discogs.com/gUxE-9ZBxaiYmcc07j1FWo9QcNE=/fit-in/150x150/filters:strip_icc():format(jpeg):mode_rgb():quality(40)/discogs-images/R-1062915-1343845271-9578.jpeg.jpg', 'MGxjIBEZvx0', 4),
(32, 32, ' https://img.discogs.com/LlKkYXjTSFiq4zQV5l8-jacuPvM=/fit-in/600x600/filters:strip_icc():format(jpeg):mode_rgb():quality(90)/discogs-images/R-2244952-1331736823.jpeg.jpg', ' https://img.discogs.com/POcTTuyhXgM8lYC8jUpIcno9KBM=/fit-in/150x150/filters:strip_icc():format(jpeg):mode_rgb():quality(40)/discogs-images/R-2244952-1331736823.jpeg.jpg', 'EJRdDhnTRoo', 11),
(33, 33, ' https://img.discogs.com/wH6A8JLccQYvO0HCkjguu5yK3kA=/600x450/smart/filters:strip_icc():format(jpeg):mode_rgb():quality(90)/discogs-images/A-135478-1590707565-1350.jpeg.jpg', ' https://img.discogs.com/XaSRNogWGfxvgiZLdvCtA2br340=/150x150/smart/filters:strip_icc():format(jpeg):mode_rgb():quality(40)/discogs-images/A-135478-1590707565-1350.jpeg.jpg', 'skdE0KAFCEA', 9),
(34, 34, ' https://img.discogs.com/3uKl2Mj36_iytukQYBR081XOXVo=/fit-in/600x593/filters:strip_icc():format(jpeg):mode_rgb():quality(90)/discogs-images/R-4701710-1472047784-7623.jpeg.jpg', ' https://img.discogs.com/YPovtxXMNssr6Ee1TUA7hv0epzY=/fit-in/150x150/filters:strip_icc():format(jpeg):mode_rgb():quality(40)/discogs-images/R-4701710-1472047784-7623.jpeg.jpg', 'RMqJ2V6zOd0', 8),
(35, 35, ' https://img.discogs.com/BDb-RySLgwbiKVywnpgzylrFYn4=/fit-in/600x605/filters:strip_icc():format(jpeg):mode_rgb():quality(90)/discogs-images/R-618952-1443451473-7889.jpeg.jpg', ' https://img.discogs.com/QUEiWOnplg84ZzQdKgHvWammDNc=/fit-in/150x150/filters:strip_icc():format(jpeg):mode_rgb():quality(40)/discogs-images/R-618952-1443451473-7889.jpeg.jpg', 'rfrOlB6pXNI', 6),
(36, 36, ' https://img.discogs.com/GCHyKpBszJNS-s4suHduuKmA2vM=/fit-in/600x586/filters:strip_icc():format(jpeg):mode_rgb():quality(90)/discogs-images/R-1395530-1389943755-5603.jpeg.jpg', ' https://img.discogs.com/dGc7xfdEe8rKAcbe8GtmxOQRy50=/fit-in/150x150/filters:strip_icc():format(jpeg):mode_rgb():quality(40)/discogs-images/R-1395530-1389943755-5603.jpeg.jpg', '64wgF3gfAz8', 5),
(37, 37, ' https://img.discogs.com/GYBa4Wr9ZgQq5oDis67prgHuQ74=/fit-in/596x600/filters:strip_icc():format(jpeg):mode_rgb():quality(90)/discogs-images/R-1934367-1383908438-4175.jpeg.jpg', ' https://img.discogs.com/yh4fBNqDL17kEBz1gSxZl0zhZdQ=/fit-in/150x150/filters:strip_icc():format(jpeg):mode_rgb():quality(40)/discogs-images/R-1934367-1383908438-4175.jpeg.jpg', 'jVHhV3A5C5c', 9),
(38, 38, ' https://img.discogs.com/EprUhWdK9vXNv20U5cgRgvCEIQw=/fit-in/600x600/filters:strip_icc():format(jpeg):mode_rgb():quality(90)/discogs-images/R-1305419-1242803317.jpeg.jpg', ' https://img.discogs.com/GL8xJfK3Rf0NFZjGmifJtvpgcHQ=/fit-in/150x150/filters:strip_icc():format(jpeg):mode_rgb():quality(40)/discogs-images/R-1305419-1242803317.jpeg.jpg', 'vJYh-CXHHzs', 21),
(39, 39, ' https://img.discogs.com/L9f0Ipa8GjhRRL6INcSEKwrXH40=/fit-in/600x600/filters:strip_icc():format(jpeg):mode_rgb():quality(90)/discogs-images/R-1350468-1377575562-1715.jpeg.jpg', ' https://img.discogs.com/djWe12BM6hept_quZra_VFtGOfk=/fit-in/150x150/filters:strip_icc():format(jpeg):mode_rgb():quality(40)/discogs-images/R-1350468-1377575562-1715.jpeg.jpg', 'ZJuWiF9w8ZU', 18),
(40, 40, ' https://img.discogs.com/KxGWsLtycQsr-Un0Frd5J3uHc_g=/fit-in/500x500/filters:strip_icc():format(jpeg):mode_rgb():quality(90)/discogs-images/R-1157303-1264444904.jpeg.jpg', ' https://img.discogs.com/SM8tRhf7eD-gLdURxK9pnQdF5UI=/fit-in/150x150/filters:strip_icc():format(jpeg):mode_rgb():quality(40)/discogs-images/R-1157303-1264444904.jpeg.jpg', 'r7ekYEywyRw', 2),
(41, 41, ' https://img.discogs.com/PDHo9GNTbSZB_sJkZ-Re17dc7pw=/fit-in/600x600/filters:strip_icc():format(jpeg):mode_rgb():quality(90)/discogs-images/R-2633887-1625495789-3735.jpeg.jpg', ' https://img.discogs.com/lNPrL480ReX4LVEpFbmgQOCSoIU=/fit-in/150x150/filters:strip_icc():format(jpeg):mode_rgb():quality(40)/discogs-images/R-2633887-1625495789-3735.jpeg.jpg', 'LD2i99QPVI0', 19),
(42, 42, ' https://img.discogs.com/XmwUcsQPLouHbLSYGmAeFaDqE1g=/468x343/smart/filters:strip_icc():format(jpeg):mode_rgb():quality(90)/discogs-images/A-56798-1169678918.jpeg.jpg', ' https://img.discogs.com/dP82fb5_9h8NlkH83IoB7fyjjAc=/150x150/smart/filters:strip_icc():format(jpeg):mode_rgb():quality(40)/discogs-images/A-56798-1169678918.jpeg.jpg', 'Dl-htFNTDKk', 2),
(43, 43, ' https://img.discogs.com/jKTmuxcsYe2TqcahU3QqVXJLssU=/fit-in/600x600/filters:strip_icc():format(jpeg):mode_rgb():quality(90)/discogs-images/R-1873013-1471100381-3022.jpeg.jpg', ' https://img.discogs.com/A6IBjK52pu1iaZRETwQ-M8gvM4E=/fit-in/150x150/filters:strip_icc():format(jpeg):mode_rgb():quality(40)/discogs-images/R-1873013-1471100381-3022.jpeg.jpg', 'hsr4PmeEocE', 17),
(44, 44, ' https://img.discogs.com/OnueIG8ce5JjfcxxoUoPEbG6qlY=/fit-in/600x594/filters:strip_icc():format(jpeg):mode_rgb():quality(90)/discogs-images/R-3624373-1595679433-4592.jpeg.jpg', ' https://img.discogs.com/PtgOM3sl6FZAUkvXGha52-IUJsk=/fit-in/150x150/filters:strip_icc():format(jpeg):mode_rgb():quality(40)/discogs-images/R-3624373-1595679433-4592.jpeg.jpg', '-kuyNvpWSsA', 12),
(45, 45, ' https://img.discogs.com/Wul7gohdLtlMG7_okPom0I1yBG4=/600x398/smart/filters:strip_icc():format(jpeg):mode_rgb():quality(90)/discogs-images/A-269915-1528597622-6055.jpeg.jpg', ' https://img.discogs.com/WogPDmRRaSQIRebSZ97WCbefhCM=/150x150/smart/filters:strip_icc():format(jpeg):mode_rgb():quality(40)/discogs-images/A-269915-1528597622-6055.jpeg.jpg', '1RmUMB-dsvo', 11),
(46, 46, ' https://img.discogs.com/lb8zM5rMwF8qnTnImFUQ1eMl41A=/509x494/smart/filters:strip_icc():format(jpeg):mode_rgb():quality(90)/discogs-images/A-41441-1621806162-5474.jpeg.jpg', ' https://img.discogs.com/-VrNfnD_foEdDFVrzwTs50lsCeY=/150x150/smart/filters:strip_icc():format(jpeg):mode_rgb():quality(40)/discogs-images/A-41441-1621806162-5474.jpeg.jpg', 'kMMdU87PKxE', 22),
(47, 47, ' https://img.discogs.com/53L5Mwt3zwASgcHA6XLDGCuQQpc=/fit-in/476x483/filters:strip_icc():format(jpeg):mode_rgb():quality(90)/discogs-images/R-857505-1398955836-9431.jpeg.jpg', ' https://img.discogs.com/M67P-49He4w0jUUG1INnnRjFCGU=/fit-in/150x150/filters:strip_icc():format(jpeg):mode_rgb():quality(40)/discogs-images/R-857505-1398955836-9431.jpeg.jpg', '4cq7CzSC7u0', 4),
(48, 48, ' https://img.discogs.com/T27bG_UYvWy6JDltX6jlqtpIFuw=/fit-in/600x593/filters:strip_icc():format(jpeg):mode_rgb():quality(90)/discogs-images/R-775228-1448135457-2250.jpeg.jpg', ' https://img.discogs.com/Rzzb6bFJb4OAXVzRAvW_614MxDM=/fit-in/150x150/filters:strip_icc():format(jpeg):mode_rgb():quality(40)/discogs-images/R-775228-1448135457-2250.jpeg.jpg', 'Gsz9ozmJ_kM', 23),
(49, 49, ' https://img.discogs.com/19VJXnD_qngHt_gMDr_9UbeX_Lw=/fit-in/596x600/filters:strip_icc():format(jpeg):mode_rgb():quality(90)/discogs-images/R-2379908-1280619864.jpeg.jpg', ' https://img.discogs.com/qWnsbExCmbI5_CE5GbinMGA9sxA=/fit-in/150x150/filters:strip_icc():format(jpeg):mode_rgb():quality(40)/discogs-images/R-2379908-1280619864.jpeg.jpg', 'FSKb6FCXeZM', 5),
(50, 50, ' https://img.discogs.com/0UhHt32l5jBExbG8OGM1sigB0XQ=/fit-in/595x600/filters:strip_icc():format(jpeg):mode_rgb():quality(90)/discogs-images/R-1005589-1413626931-1896.jpeg.jpg', ' https://img.discogs.com/VEk5uIX4Hq-ClTOVRK7_s_I7sQg=/fit-in/150x150/filters:strip_icc():format(jpeg):mode_rgb():quality(40)/discogs-images/R-1005589-1413626931-1896.jpeg.jpg', 'h9_0nCz45UQ', 24),
(51, 51, ' https://img.discogs.com/gdUQnZYSMJRSQ-OsRKrQOKvVWnM=/fit-in/600x600/filters:strip_icc():format(jpeg):mode_rgb():quality(90)/discogs-images/R-1247699-1463256104-5077.jpeg.jpg', ' https://img.discogs.com/dgETBCa3a15-yEWecgTNpJv2yPk=/fit-in/150x150/filters:strip_icc():format(jpeg):mode_rgb():quality(40)/discogs-images/R-1247699-1463256104-5077.jpeg.jpg', 'KYaXk8mAo2U', 16),
(52, 52, ' https://img.discogs.com/9YAajddzvo5RKNKCH1y_wiT32gw=/fit-in/600x600/filters:strip_icc():format(jpeg):mode_rgb():quality(90)/discogs-images/R-11146158-1510696073-1618.jpeg.jpg', ' https://img.discogs.com/BagZCUZiVK-Z6rbm8JKMMpPyaVw=/fit-in/150x150/filters:strip_icc():format(jpeg):mode_rgb():quality(40)/discogs-images/R-11146158-1510696073-1618.jpeg.jpg', 'csZV3w_nscg', 12),
(53, 53, ' https://img.discogs.com/WoZoGv_siq06wyfKVvdBsFu2CEo=/fit-in/600x595/filters:strip_icc():format(jpeg):mode_rgb():quality(90)/discogs-images/R-1349112-1517053004-6131.jpeg.jpg', ' https://img.discogs.com/iMbwKHP1FWc6-kLpFraaSJeOQks=/fit-in/150x150/filters:strip_icc():format(jpeg):mode_rgb():quality(40)/discogs-images/R-1349112-1517053004-6131.jpeg.jpg', 'NUG_wa4Qz64', 25),
(54, 54, ' https://img.discogs.com/lnsRqgDe3s64DbPpm9jwu_1hR-g=/fit-in/600x600/filters:strip_icc():format(jpeg):mode_rgb():quality(90)/discogs-images/R-5553886-1412649494-7718.jpeg.jpg', ' https://img.discogs.com/_73o0nOJSOHVsQLPCPv3SORYS7A=/fit-in/150x150/filters:strip_icc():format(jpeg):mode_rgb():quality(40)/discogs-images/R-5553886-1412649494-7718.jpeg.jpg', 'j-tjURJ0PaI', 13),
(55, 55, ' https://img.discogs.com/-vwriUfLFpdkmqmJz6CisyP_KTw=/fit-in/600x600/filters:strip_icc():format(jpeg):mode_rgb():quality(90)/discogs-images/R-538440-1592071841-3427.jpeg.jpg', ' https://img.discogs.com/c7nookCpsqdgxhZHFpC3IC3Zq68=/fit-in/150x150/filters:strip_icc():format(jpeg):mode_rgb():quality(40)/discogs-images/R-538440-1592071841-3427.jpeg.jpg', 'dpG1EJEUI5I', 8),
(56, 56, ' https://img.discogs.com/_HfywzFNS5LNHRILV5liVoiB7PY=/600x778/smart/filters:strip_icc():format(jpeg):mode_rgb():quality(90)/discogs-images/A-27518-1622401909-5918.jpeg.jpg', ' https://img.discogs.com/rv_ixIXArnQFS6nGTFL9_WxwB_s=/150x150/smart/filters:strip_icc():format(jpeg):mode_rgb():quality(40)/discogs-images/A-27518-1622401909-5918.jpeg.jpg', 'Uj9Bqsx-pRk', 26),
(57, 57, ' https://img.discogs.com/L3AcXYtH5CyX_-Vhp-0D6TSvH74=/fit-in/600x595/filters:strip_icc():format(jpeg):mode_rgb():quality(90)/discogs-images/R-2927062-1587373833-4616.jpeg.jpg', ' https://img.discogs.com/g9SnVnFwETTBCFVGFeWMWDmOy-A=/fit-in/150x150/filters:strip_icc():format(jpeg):mode_rgb():quality(40)/discogs-images/R-2927062-1587373833-4616.jpeg.jpg', 'FGZYWSfiYbM', 9),
(58, 58, ' https://img.discogs.com/5DU_Kd2vC97jxoVnjGJiJCdnqUg=/fit-in/600x600/filters:strip_icc():format(jpeg):mode_rgb():quality(90)/discogs-images/R-5893267-1405599442-7738.jpeg.jpg', ' https://img.discogs.com/vm3f_FaQYK2sfJK_yhiYfPQ9l3c=/fit-in/150x150/filters:strip_icc():format(jpeg):mode_rgb():quality(40)/discogs-images/R-5893267-1405599442-7738.jpeg.jpg', 's0OoMfRM2PU', 8),
(59, 59, ' https://img.discogs.com/PAcBhtaQXaiEGNgM7KQ5eBp5CAY=/fit-in/600x599/filters:strip_icc():format(jpeg):mode_rgb():quality(90)/discogs-images/R-9719570-1485286773-1811.jpeg.jpg', ' https://img.discogs.com/UqdmahxCYTnH8JkLoWpbwGPtOTw=/fit-in/150x150/filters:strip_icc():format(jpeg):mode_rgb():quality(40)/discogs-images/R-9719570-1485286773-1811.jpeg.jpg', '05JgKtm9ZKU', 9),
(60, 60, ' https://img.discogs.com/K0oH5OaF1iYPPCNKVvUtiCHgUQM=/570x570/smart/filters:strip_icc():format(jpeg):mode_rgb():quality(90)/discogs-images/A-119009-1623057148-1843.jpeg.jpg', ' https://img.discogs.com/OmKQd7M1qm84rGvGXS-yiznBxys=/150x150/smart/filters:strip_icc():format(jpeg):mode_rgb():quality(40)/discogs-images/A-119009-1623057148-1843.jpeg.jpg', 'aF0g-2SeoMM', 11),
(61, 61, ' https://img.discogs.com/eiBUrsJOj6OCpF3p7IFbX0QvX8k=/550x343/smart/filters:strip_icc():format(jpeg):mode_rgb():quality(90)/discogs-images/A-30419-1611130940-4833.jpeg.jpg', ' https://img.discogs.com/yFKasNqwttjERibtyTuIJlwPJEg=/150x150/smart/filters:strip_icc():format(jpeg):mode_rgb():quality(40)/discogs-images/A-30419-1611130940-4833.jpeg.jpg', 'xAfno72uLIE', 16),
(62, 62, ' https://img.discogs.com/dacOhnve7E_IJaaEf-Ux8Dlfz80=/fit-in/600x600/filters:strip_icc():format(jpeg):mode_rgb():quality(90)/discogs-images/R-383777-1173543359.jpeg.jpg', ' https://img.discogs.com/gA2xbhX1lU1l9uNaEG3DXGdnzEg=/fit-in/150x150/filters:strip_icc():format(jpeg):mode_rgb():quality(40)/discogs-images/R-383777-1173543359.jpeg.jpg', '-KNXOLjlHRo', 20),
(63, 63, ' https://img.discogs.com/JbMR_oWi_amzT4qPBv_5eXJRMSA=/fit-in/550x550/filters:strip_icc():format(jpeg):mode_rgb():quality(90)/discogs-images/R-1435215-1402660531-4218.jpeg.jpg', ' https://img.discogs.com/nKDu4bRt-ru3HEorWhwI35DybM8=/fit-in/150x150/filters:strip_icc():format(jpeg):mode_rgb():quality(40)/discogs-images/R-1435215-1402660531-4218.jpeg.jpg', 'P3BOarQi-kk', 13),
(64, 64, ' https://img.discogs.com/lQvu5ek-G_9IfaxS4bcEMZJE1L4=/fit-in/600x610/filters:strip_icc():format(jpeg):mode_rgb():quality(90)/discogs-images/R-11272687-1629577574-4625.jpeg.jpg', ' https://img.discogs.com/sQWjkS_pdmoubCwB4TLuKwHIb48=/fit-in/150x150/filters:strip_icc():format(jpeg):mode_rgb():quality(40)/discogs-images/R-11272687-1629577574-4625.jpeg.jpg', '3B0Y3LUqr1Q', 5),
(65, 65, ' https://img.discogs.com/qz4dN7JTjyWuYUmxcH-fME0zEqQ=/fit-in/518x500/filters:strip_icc():format(jpeg):mode_rgb():quality(90)/discogs-images/R-2284412-1274388233.jpeg.jpg', ' https://img.discogs.com/Td7rQMn3GOmlVzD2pQopY3MIq9c=/fit-in/150x150/filters:strip_icc():format(jpeg):mode_rgb():quality(40)/discogs-images/R-2284412-1274388233.jpeg.jpg', 'tIUf6dOGc1c', 13),
(66, 66, ' https://img.discogs.com/wHcJCONKqMVUk4gYmkxMUzHKCyI=/fit-in/600x607/filters:strip_icc():format(jpeg):mode_rgb():quality(90)/discogs-images/R-1168661-1526850939-6508.jpeg.jpg', ' https://img.discogs.com/jKz85KXsU3NORtAx_0C6ZOldHbQ=/fit-in/150x150/filters:strip_icc():format(jpeg):mode_rgb():quality(40)/discogs-images/R-1168661-1526850939-6508.jpeg.jpg', 't_YGC_vA0Og', 16),
(67, 67, ' https://img.discogs.com/omECGW3Dpn8yf8OT-_TXLsw-lq4=/600x400/smart/filters:strip_icc():format(jpeg):mode_rgb():quality(90)/discogs-images/A-3840-1462781416-2615.jpeg.jpg', ' https://img.discogs.com/56vWHaCXZujmgenWrhHhGkdpm-g=/150x150/smart/filters:strip_icc():format(jpeg):mode_rgb():quality(40)/discogs-images/A-3840-1462781416-2615.jpeg.jpg', 'NUnXxh5U25Y', 27),
(68, 68, ' https://img.discogs.com/I6KO0I9AejQdR4OvP9yIE_rZyaE=/fit-in/358x344/filters:strip_icc():format(jpeg):mode_rgb():quality(90)/discogs-images/R-120096-1085600607.jpg.jpg', ' https://img.discogs.com/YWAnfnz1pj5BPXaDFVZRk8N-nvI=/fit-in/150x150/filters:strip_icc():format(jpeg):mode_rgb():quality(40)/discogs-images/R-120096-1085600607.jpg.jpg', 'ZorRGrDiMsA', 7),
(69, 69, ' https://img.discogs.com/a3DCOrnYwZ8azFMZ187QidJixvE=/fit-in/600x598/filters:strip_icc():format(jpeg):mode_rgb():quality(90)/discogs-images/R-1015465-1366311867-2785.jpeg.jpg', ' https://img.discogs.com/HSdiZcd3jBatdVLSfg1N_rIjszM=/fit-in/150x150/filters:strip_icc():format(jpeg):mode_rgb():quality(40)/discogs-images/R-1015465-1366311867-2785.jpeg.jpg', 'LlDZ0AFN5C0', 5),
(70, 70, ' https://img.discogs.com/Cu9mg7LdSTpVFGz2GOKrmRy2lEI=/fit-in/600x604/filters:strip_icc():format(jpeg):mode_rgb():quality(90)/discogs-images/R-13114025-1548384381-3767.jpeg.jpg', ' https://img.discogs.com/k_EQz-Tn3XQCrzZ72db3vMAqEKE=/fit-in/150x150/filters:strip_icc():format(jpeg):mode_rgb():quality(40)/discogs-images/R-13114025-1548384381-3767.jpeg.jpg', 'cJtL8vWNZ4o', 19),
(71, 71, ' https://img.discogs.com/RkJCXKvdnv0zOk4R7zRnWz32iyI=/fit-in/589x594/filters:strip_icc():format(jpeg):mode_rgb():quality(90)/discogs-images/R-1031388-1253316491.jpeg.jpg', ' https://img.discogs.com/wvu5eMp2VzBETP3ZGfYD7b9zoBU=/fit-in/150x150/filters:strip_icc():format(jpeg):mode_rgb():quality(40)/discogs-images/R-1031388-1253316491.jpeg.jpg', 'ToKsXHRh7Yo', 28),
(72, 72, ' https://img.discogs.com/vh7eJpPqPEZEyabCQ9U1uN1q8C8=/fit-in/600x596/filters:strip_icc():format(jpeg):mode_rgb():quality(90)/discogs-images/R-702350-1474157249-1531.jpeg.jpg', ' https://img.discogs.com/c37CCa6te_DWkw_SWB-8RCFONWI=/fit-in/150x150/filters:strip_icc():format(jpeg):mode_rgb():quality(40)/discogs-images/R-702350-1474157249-1531.jpeg.jpg', 'HJkjVfOcIxs', 6),
(73, 73, ' https://img.discogs.com/s7ao_Z5n3fmAEEXPXC52F0ERX7E=/fit-in/600x600/filters:strip_icc():format(jpeg):mode_rgb():quality(90)/discogs-images/R-458939-1588881151-1995.jpeg.jpg', ' https://img.discogs.com/-9OZqU95KyUI1VqTHWrLLa0Zvz4=/fit-in/150x150/filters:strip_icc():format(jpeg):mode_rgb():quality(40)/discogs-images/R-458939-1588881151-1995.jpeg.jpg', 'EH6I31ev1GM', 12),
(74, 74, ' https://img.discogs.com/rKe5-o1ucXvyqKdti9zL_DbSmQA=/fit-in/600x593/filters:strip_icc():format(jpeg):mode_rgb():quality(90)/discogs-images/R-3345290-1415122424-4057.jpeg.jpg', ' https://img.discogs.com/CPYDENFjoFzz9t5EwCY0F78dTMM=/fit-in/150x150/filters:strip_icc():format(jpeg):mode_rgb():quality(40)/discogs-images/R-3345290-1415122424-4057.jpeg.jpg', 'sSWxU-mirqg', 16),
(75, 75, ' https://img.discogs.com/G3gTVu9llUpAMFX3ZK_LgWzIK2c=/fit-in/267x600/filters:strip_icc():format(jpeg):mode_rgb():quality(90)/discogs-images/R-106606-1162584231.jpeg.jpg', ' https://img.discogs.com/Ezruv_c-AJjTl0CHAW7C-bd2MJU=/fit-in/150x150/filters:strip_icc():format(jpeg):mode_rgb():quality(40)/discogs-images/R-106606-1162584231.jpeg.jpg', 'nMqAfg8pRRg', 13),
(76, 76, ' https://img.discogs.com/y5dPt_abuCYEhVj-JKQF1-Q3Dq8=/fit-in/600x600/filters:strip_icc():format(jpeg):mode_rgb():quality(90)/discogs-images/R-194021-1335400289.jpeg.jpg', ' https://img.discogs.com/vYj1Mlkn32SUj0YdRsrd66nxNjc=/fit-in/150x150/filters:strip_icc():format(jpeg):mode_rgb():quality(40)/discogs-images/R-194021-1335400289.jpeg.jpg', 'eCM2dEWGf-o', 22),
(77, 77, ' https://img.discogs.com/QPo51DqcPbI3RqL_EAYOSzsvdbI=/600x398/smart/filters:strip_icc():format(jpeg):mode_rgb():quality(90)/discogs-images/A-84752-1611963033-7852.jpeg.jpg', ' https://img.discogs.com/4dOzrpgZF-umOtWHx21UzCMAyf4=/150x150/smart/filters:strip_icc():format(jpeg):mode_rgb():quality(40)/discogs-images/A-84752-1611963033-7852.jpeg.jpg', '2-fR2rrmw3I', 29),
(78, 78, ' https://img.discogs.com/jghTn8tI_bG9gSm__k_UToRGEC0=/fit-in/600x613/filters:strip_icc():format(jpeg):mode_rgb():quality(90)/discogs-images/R-2606974-1515015488-1993.jpeg.jpg', ' https://img.discogs.com/-gho9KHFL5td5Gz0dFM84_LUwes=/fit-in/150x150/filters:strip_icc():format(jpeg):mode_rgb():quality(40)/discogs-images/R-2606974-1515015488-1993.jpeg.jpg', 'UojRNGQhtms', 4),
(79, 79, ' https://img.discogs.com/6Xe_NHOO5irq4gCa6-O8ay38EGU=/fit-in/600x598/filters:strip_icc():format(jpeg):mode_rgb():quality(90)/discogs-images/R-1846223-1518900114-9116.jpeg.jpg', ' https://img.discogs.com/dL8fFvfJUwoaxd5v9n1oAQYdPFI=/fit-in/150x150/filters:strip_icc():format(jpeg):mode_rgb():quality(40)/discogs-images/R-1846223-1518900114-9116.jpeg.jpg', '7T4LnsuB9Ms', 11),
(80, 80, ' https://img.discogs.com/c6sIRpX_xvnebznJQN06JZQ_yYM=/fit-in/600x600/filters:strip_icc():format(jpeg):mode_rgb():quality(90)/discogs-images/R-2883985-1305579624.jpeg.jpg', ' https://img.discogs.com/CP5u98LMraNWwc-l3QI1OoaigVs=/fit-in/150x150/filters:strip_icc():format(jpeg):mode_rgb():quality(40)/discogs-images/R-2883985-1305579624.jpeg.jpg', 'rAn-AWXtHv0', 5),
(81, 81, ' https://img.discogs.com/U1eYR8oMvBufu6o0BYmy2Xav1KU=/500x334/smart/filters:strip_icc():format(jpeg):mode_rgb():quality(90)/discogs-images/A-29890-1399395989-7849.jpeg.jpg', ' https://img.discogs.com/joJ08EossvDrGCtNjhsD6BJ8hEs=/150x150/smart/filters:strip_icc():format(jpeg):mode_rgb():quality(40)/discogs-images/A-29890-1399395989-7849.jpeg.jpg', 'GsVjWd1mh4w', 19),
(82, 82, ' https://img.discogs.com/fCaLIHl_MbaUTnciSNfdz5zr-3I=/fit-in/500x500/filters:strip_icc():format(jpeg):mode_rgb():quality(90)/discogs-images/R-1044287-1400327359-6935.jpeg.jpg', ' https://img.discogs.com/KxXNie44r0WuVhBaekFt0KiBFUM=/fit-in/150x150/filters:strip_icc():format(jpeg):mode_rgb():quality(40)/discogs-images/R-1044287-1400327359-6935.jpeg.jpg', 'TuXMQQtcQ_U', 6),
(83, 83, ' https://img.discogs.com/U-NfHAW6EZIpF_3xDhdhImvx2Gw=/fit-in/600x600/filters:strip_icc():format(jpeg):mode_rgb():quality(90)/discogs-images/R-1197114-1368135151-6381.jpeg.jpg', ' https://img.discogs.com/OQqcTI1sRjTpynTqaKHh4blvOks=/fit-in/150x150/filters:strip_icc():format(jpeg):mode_rgb():quality(40)/discogs-images/R-1197114-1368135151-6381.jpeg.jpg', 'uf7Kfan3omI', 2),
(84, 84, ' https://img.discogs.com/3xSjqcYgC23SWE0IqgpQSwKRXNw=/fit-in/600x600/filters:strip_icc():format(jpeg):mode_rgb():quality(90)/discogs-images/R-7657085-1446948708-5632.jpeg.jpg', ' https://img.discogs.com/93a3r4hMjXUY9aOkMkExKaeBAC0=/fit-in/150x150/filters:strip_icc():format(jpeg):mode_rgb():quality(40)/discogs-images/R-7657085-1446948708-5632.jpeg.jpg', '9iayJ8u4Qew', 2),
(85, 85, ' https://img.discogs.com/n67x7KWK4V--rqpBXBOkBFn70Lo=/fit-in/600x600/filters:strip_icc():format(jpeg):mode_rgb():quality(90)/discogs-images/R-3020822-1534309943-1500.jpeg.jpg', ' https://img.discogs.com/857jfOhd9v8SosDMyMdpLk14KFg=/fit-in/150x150/filters:strip_icc():format(jpeg):mode_rgb():quality(40)/discogs-images/R-3020822-1534309943-1500.jpeg.jpg', '-y8KEfRyiys', 8),
(86, 86, ' https://img.discogs.com/LL8NlHDNbx7VRX1Kbp2b8k2No78=/fit-in/600x600/filters:strip_icc():format(jpeg):mode_rgb():quality(90)/discogs-images/R-1343227-1365373608-1010.jpeg.jpg', ' https://img.discogs.com/Iy_cKPKzyI_9qBR1P5-39f4u1OA=/fit-in/150x150/filters:strip_icc():format(jpeg):mode_rgb():quality(40)/discogs-images/R-1343227-1365373608-1010.jpeg.jpg', 'tRx212PUa4g', 22),
(87, 87, ' https://img.discogs.com/p7KdhxY0C7HGtAnIl53OTN0BvV4=/fit-in/588x600/filters:strip_icc():format(jpeg):mode_rgb():quality(90)/discogs-images/R-2041618-1390679025-2372.jpeg.jpg', ' https://img.discogs.com/OPmcOPFCcdx1DFFADHC7XtXTad0=/fit-in/150x150/filters:strip_icc():format(jpeg):mode_rgb():quality(40)/discogs-images/R-2041618-1390679025-2372.jpeg.jpg', 'r48BLz42NuI', 7),
(88, 88, ' https://img.discogs.com/b79ayELyHVgsD6NbXsZnjZfF928=/fit-in/600x600/filters:strip_icc():format(jpeg):mode_rgb():quality(90)/discogs-images/R-448766-1396814525-1470.jpeg.jpg', ' https://img.discogs.com/_8Ey3FfXpgI5O6nbruCHBPF3B4E=/fit-in/150x150/filters:strip_icc():format(jpeg):mode_rgb():quality(40)/discogs-images/R-448766-1396814525-1470.jpeg.jpg', 'U9uk6NHK-AE', 8),
(89, 89, ' https://img.discogs.com/9lNk0gXM39y7zRsocgRNCS9UQgI=/fit-in/500x497/filters:strip_icc():format(jpeg):mode_rgb():quality(90)/discogs-images/R-564264-1393292637-9336.png.jpg', ' https://img.discogs.com/cYk3_bWWHuflI_4f3EbANXsqlr4=/fit-in/150x150/filters:strip_icc():format(jpeg):mode_rgb():quality(40)/discogs-images/R-564264-1393292637-9336.png.jpg', 'uz3znHG70dk', 11),
(90, 90, ' https://img.discogs.com/u1Khi3avXQBxqW9Za_2RPsIFtyo=/fit-in/600x600/filters:strip_icc():format(jpeg):mode_rgb():quality(90)/discogs-images/R-174477-1314480305.jpeg.jpg', ' https://img.discogs.com/o3vX-nA4x9ewlBfIlnCK5C7UxCc=/fit-in/150x150/filters:strip_icc():format(jpeg):mode_rgb():quality(40)/discogs-images/R-174477-1314480305.jpeg.jpg', 'SbenaOqv4yQ', 6),
(91, 91, ' https://img.discogs.com/vAXkbsKQaxiDYl3t24oC2jK51l8=/fit-in/600x600/filters:strip_icc():format(jpeg):mode_rgb():quality(90)/discogs-images/R-6339359-1455627243-5986.jpeg.jpg', ' https://img.discogs.com/tPqu7CxkCIkCycP51LNnYyBS9pk=/fit-in/150x150/filters:strip_icc():format(jpeg):mode_rgb():quality(40)/discogs-images/R-6339359-1455627243-5986.jpeg.jpg', 'EgkBx8csEws', 17),
(92, 92, ' https://img.discogs.com/nzASl2sj6ZPvwzJlIWqCPFZ2s1E=/fit-in/600x595/filters:strip_icc():format(jpeg):mode_rgb():quality(90)/discogs-images/R-13891557-1563529907-5010.jpeg.jpg', ' https://img.discogs.com/55p08QLTHhm5gNM2PiT6KiV2zbg=/fit-in/150x150/filters:strip_icc():format(jpeg):mode_rgb():quality(40)/discogs-images/R-13891557-1563529907-5010.jpeg.jpg', '_pG1Qywrceg', 31),
(93, 93, ' https://img.discogs.com/UMC0dSD6YE_3twoCrZQSbbprDw8=/fit-in/600x600/filters:strip_icc():format(jpeg):mode_rgb():quality(90)/discogs-images/R-15908076-1600435178-9964.jpeg.jpg', ' https://img.discogs.com/8NnVVkABw2o4zYDk8XtuzXi9BUY=/fit-in/150x150/filters:strip_icc():format(jpeg):mode_rgb():quality(40)/discogs-images/R-15908076-1600435178-9964.jpeg.jpg', 'RSZ7J2NrNB4', 20),
(94, 94, ' https://img.discogs.com/O-IiAjTMTl8dDJUj4lIz3HSi8Xk=/fit-in/500x500/filters:strip_icc():format(jpeg):mode_rgb():quality(90)/discogs-images/R-2586681-1559945048-1966.jpeg.jpg', ' https://img.discogs.com/GKqieQPUyPaaLDWxCqHMQ454aF0=/fit-in/150x150/filters:strip_icc():format(jpeg):mode_rgb():quality(40)/discogs-images/R-2586681-1559945048-1966.jpeg.jpg', 'PRpjuMlTshU', 22),
(95, 95, ' https://img.discogs.com/-Il_SKmKof0KuN9Cm4WO_EAMLXw=/fit-in/600x609/filters:strip_icc():format(jpeg):mode_rgb():quality(90)/discogs-images/R-37006-1393484249-2215.jpeg.jpg', ' https://img.discogs.com/LBkmZE17fVAWQYlZNvE8CzSFEaw=/fit-in/150x150/filters:strip_icc():format(jpeg):mode_rgb():quality(40)/discogs-images/R-37006-1393484249-2215.jpeg.jpg', 'cwcmT_85Gbs', 16),
(96, 96, ' https://img.discogs.com/89-udYLFKLdwWuvTj5sH3ecZDBU=/fit-in/600x600/filters:strip_icc():format(jpeg):mode_rgb():quality(90)/discogs-images/R-810914-1366712892-9658.jpeg.jpg', ' https://img.discogs.com/ILxDXxZOfEdHT3vvy2ZylIgl1cU=/fit-in/150x150/filters:strip_icc():format(jpeg):mode_rgb():quality(40)/discogs-images/R-810914-1366712892-9658.jpeg.jpg', 'MKdusyjiuvY', 11),
(97, 97, ' https://img.discogs.com/oz3HHFYrh7QARVbuSNh1GhOMPy4=/fit-in/600x599/filters:strip_icc():format(jpeg):mode_rgb():quality(90)/discogs-images/R-1596438-1301991747.jpeg.jpg', ' https://img.discogs.com/n007uHtXYCvhi4ekrukARZ0AIwM=/fit-in/150x150/filters:strip_icc():format(jpeg):mode_rgb():quality(40)/discogs-images/R-1596438-1301991747.jpeg.jpg', 'a3T1zAavsYA', 18),
(98, 98, ' https://img.discogs.com/ZGtm1JgXZUSxJlq-wKeGEkxzfEA=/fit-in/440x436/filters:strip_icc():format(jpeg):mode_rgb():quality(90)/discogs-images/R-756654-1301444206.jpeg.jpg', ' https://img.discogs.com/Atvbps6PMEfWwRBtA9AZ6VLKliU=/fit-in/150x150/filters:strip_icc():format(jpeg):mode_rgb():quality(40)/discogs-images/R-756654-1301444206.jpeg.jpg', 'Z_2_nO0zCF0', 30),
(99, 99, ' https://img.discogs.com/eiBUrsJOj6OCpF3p7IFbX0QvX8k=/550x343/smart/filters:strip_icc():format(jpeg):mode_rgb():quality(90)/discogs-images/A-30419-1611130940-4833.jpeg.jpg', ' https://img.discogs.com/yFKasNqwttjERibtyTuIJlwPJEg=/150x150/smart/filters:strip_icc():format(jpeg):mode_rgb():quality(40)/discogs-images/A-30419-1611130940-4833.jpeg.jpg', 'uJZHm5_i1vI', 5),
(100, 100, ' https://img.discogs.com/JZdQz_XA8jps3GWsCkJ8orpm7w4=/fit-in/600x600/filters:strip_icc():format(jpeg):mode_rgb():quality(90)/discogs-images/R-2652520-1454618815-8299.jpeg.jpg', ' https://img.discogs.com/mLSF6sgNvSELlWzezMWSLv_w4h4=/fit-in/150x150/filters:strip_icc():format(jpeg):mode_rgb():quality(40)/discogs-images/R-2652520-1454618815-8299.jpeg.jpg', 'goDxhJl1UJE', 8),
(101, 101, ' https://img.discogs.com/FSc7HPnFUA3KFeJXYppty-pGlxs=/fit-in/600x600/filters:strip_icc():format(jpeg):mode_rgb():quality(90)/discogs-images/R-1376047-1336953366-1209.jpeg.jpg', ' https://img.discogs.com/3h-76sNMEhJz_d5WOrgSZJ4k2-0=/fit-in/150x150/filters:strip_icc():format(jpeg):mode_rgb():quality(40)/discogs-images/R-1376047-1336953366-1209.jpeg.jpg', 'd9MvNjiLbJc', 31),
(102, 102, ' https://img.discogs.com/q8Ex0uw0WdzNpPvtA7lQbrR2fH0=/fit-in/600x600/filters:strip_icc():format(jpeg):mode_rgb():quality(90)/discogs-images/R-1751883-1538129913-3491.jpeg.jpg', ' https://img.discogs.com/ubDRK7Q_luQVNPsGofXCLP2g0YE=/fit-in/150x150/filters:strip_icc():format(jpeg):mode_rgb():quality(40)/discogs-images/R-1751883-1538129913-3491.jpeg.jpg', 'A1xQRagjuwg', 3),
(103, 103, ' https://img.discogs.com/jpn8JZtulqurdSTyReTYoxJJr4k=/fit-in/280x283/filters:strip_icc():format(jpeg):mode_rgb():quality(90)/discogs-images/R-2155244-1282286595.jpeg.jpg', ' https://img.discogs.com/uRTc5VTfiYGpDAKLg6crcqVucFQ=/fit-in/150x150/filters:strip_icc():format(jpeg):mode_rgb():quality(40)/discogs-images/R-2155244-1282286595.jpeg.jpg', 'xy_fxxj1mMY', 10),
(104, 104, ' https://img.discogs.com/NCZKczfhcdRA015hXBwMukzorGU=/fit-in/600x600/filters:strip_icc():format(jpeg):mode_rgb():quality(90)/discogs-images/R-7254128-1559296274-4995.jpeg.jpg', ' https://img.discogs.com/572lf7DoUsyQmqZzUv4ukWXkPnA=/fit-in/150x150/filters:strip_icc():format(jpeg):mode_rgb():quality(40)/discogs-images/R-7254128-1559296274-4995.jpeg.jpg', 'k2x0fPgAj_Y', 16),
(105, 105, ' https://img.discogs.com/41_3SDdVnzSNcNGEWQQOsfxOYHs=/fit-in/600x601/filters:strip_icc():format(jpeg):mode_rgb():quality(90)/discogs-images/R-14228194-1570295581-7847.jpeg.jpg', ' https://img.discogs.com/0Zj9O9wo0tTcmuRYA5_5Meg5fAw=/fit-in/150x150/filters:strip_icc():format(jpeg):mode_rgb():quality(40)/discogs-images/R-14228194-1570295581-7847.jpeg.jpg', 'TbrvtGta1lk', 32),
(106, 106, ' https://img.discogs.com/h_xTdq1nKTPYv3pQ4NnJVFd8wzU=/fit-in/500x500/filters:strip_icc():format(jpeg):mode_rgb():quality(90)/discogs-images/R-1292101-1206985577.jpeg.jpg', ' https://img.discogs.com/NMgXNP-zh1aw2Unr-9SlE3nGKgo=/fit-in/150x150/filters:strip_icc():format(jpeg):mode_rgb():quality(40)/discogs-images/R-1292101-1206985577.jpeg.jpg', 'JY3duDtPOTw', 19),
(107, 107, ' https://img.discogs.com/sOW-OE5klcrB0lDc8SD_JHbDQxU=/fit-in/600x590/filters:strip_icc():format(jpeg):mode_rgb():quality(90)/discogs-images/R-14603750-1578157002-8216.jpeg.jpg', ' https://img.discogs.com/V0z5NWhoFbhMwOHew7JGwDN-N1Y=/fit-in/150x150/filters:strip_icc():format(jpeg):mode_rgb():quality(40)/discogs-images/R-14603750-1578157002-8216.jpeg.jpg', 'tBhOdQCLb3w', 33),
(108, 108, ' https://img.discogs.com/I_y9Iqw2KNOyae_b_qxR4uov3ZU=/fit-in/390x400/filters:strip_icc():format(jpeg):mode_rgb():quality(90)/discogs-images/R-422921-1352848584-4544.jpeg.jpg', ' https://img.discogs.com/nahNx3fZa7vg_UKj4in9Hv3xGAY=/fit-in/150x150/filters:strip_icc():format(jpeg):mode_rgb():quality(40)/discogs-images/R-422921-1352848584-4544.jpeg.jpg', '5xBry9zavNM', 5),
(109, 109, ' https://img.discogs.com/K3OP29j28ccZheROsuoXXSh9z4I=/fit-in/600x597/filters:strip_icc():format(jpeg):mode_rgb():quality(90)/discogs-images/R-5686588-1418577627-5021.jpeg.jpg', ' https://img.discogs.com/-c211UgLFSmdym9Z0ll2uwOAggA=/fit-in/150x150/filters:strip_icc():format(jpeg):mode_rgb():quality(40)/discogs-images/R-5686588-1418577627-5021.jpeg.jpg', 'OSba_yQ-Pg4', 3),
(110, 110, ' https://img.discogs.com/YOp0OALgsdnmKtrydfascw170Qc=/fit-in/400x400/filters:strip_icc():format(jpeg):mode_rgb():quality(90)/discogs-images/R-894229-1171240705.jpeg.jpg', ' https://img.discogs.com/aZAc7uQneCrTcJccf2CoPIgF8_Q=/fit-in/150x150/filters:strip_icc():format(jpeg):mode_rgb():quality(40)/discogs-images/R-894229-1171240705.jpeg.jpg', 'AqVWBVbytXo', 16),
(111, 111, ' https://img.discogs.com/ni4boGPdYx13015G-EwNWAa4bXg=/fit-in/600x600/filters:strip_icc():format(jpeg):mode_rgb():quality(90)/discogs-images/R-368116-1588883936-8247.jpeg.jpg', ' https://img.discogs.com/QasyIfZScoV23irVj_BBtb9RbQk=/fit-in/150x150/filters:strip_icc():format(jpeg):mode_rgb():quality(40)/discogs-images/R-368116-1588883936-8247.jpeg.jpg', 'PObiR1jPQ9o', 34),
(112, 112, ' https://img.discogs.com/tpQsQCZHSDrc9fd81vRRHle08TA=/fit-in/600x594/filters:strip_icc():format(jpeg):mode_rgb():quality(90)/discogs-images/R-10368014-1496100428-3898.jpeg.jpg', ' https://img.discogs.com/5186402-WAgCQbVXR1G9TvwxpCI=/fit-in/150x150/filters:strip_icc():format(jpeg):mode_rgb():quality(40)/discogs-images/R-10368014-1496100428-3898.jpeg.jpg', 'kALz-UKSCIM', 3),
(113, 113, ' https://img.discogs.com/4gOauHpwoBpyFDlmv5Xaca-3d4Y=/fit-in/600x603/filters:strip_icc():format(jpeg):mode_rgb():quality(90)/discogs-images/R-892417-1519955876-8631.jpeg.jpg', ' https://img.discogs.com/QBHWs68dh9ncg-UmlDkSl6RVLWU=/fit-in/150x150/filters:strip_icc():format(jpeg):mode_rgb():quality(40)/discogs-images/R-892417-1519955876-8631.jpeg.jpg', '_1Z6I62yvfg', 35),
(114, 114, ' https://img.discogs.com/L3O0-d44S4eMDoIbPmdHd0-Vj_c=/fit-in/600x619/filters:strip_icc():format(jpeg):mode_rgb():quality(90)/discogs-images/R-1358659-1496055161-7572.jpeg.jpg', ' https://img.discogs.com/KtxaFERAtdr8bC-D0iUapmdONrE=/fit-in/150x150/filters:strip_icc():format(jpeg):mode_rgb():quality(40)/discogs-images/R-1358659-1496055161-7572.jpeg.jpg', 'YH7Z23xtmfg', 2),
(115, 115, ' https://img.discogs.com/c8aEP_xyN2sBxLe06udqUB4sq7U=/fit-in/582x600/filters:strip_icc():format(jpeg):mode_rgb():quality(90)/discogs-images/R-2229657-1338708241-6734.jpeg.jpg', ' https://img.discogs.com/tnHxBTqOjd6Ey0mIVf3-EquOAbg=/fit-in/150x150/filters:strip_icc():format(jpeg):mode_rgb():quality(40)/discogs-images/R-2229657-1338708241-6734.jpeg.jpg', '-rSvyOcAB24', 2),
(116, 116, ' https://img.discogs.com/QIOD0fmtVkdzC5y67SzjgJGox5Y=/fit-in/600x577/filters:strip_icc():format(jpeg):mode_rgb():quality(90)/discogs-images/R-3440213-1330460237.jpeg.jpg', ' https://img.discogs.com/VG4NyFWgYn94FNh_oUVkaZOpWPU=/fit-in/150x150/filters:strip_icc():format(jpeg):mode_rgb():quality(40)/discogs-images/R-3440213-1330460237.jpeg.jpg', 'FOKOjy186yI', 4),
(117, 117, ' https://img.discogs.com/0l6OTfsl5VhjdT-L4hpYQ6ztXcQ=/fit-in/600x600/filters:strip_icc():format(jpeg):mode_rgb():quality(90)/discogs-images/R-1306997-1373971433-8982.jpeg.jpg', ' https://img.discogs.com/MLdViO28IzHK9IOykICM-M7XpZM=/fit-in/150x150/filters:strip_icc():format(jpeg):mode_rgb():quality(40)/discogs-images/R-1306997-1373971433-8982.jpeg.jpg', 'TcM2zAb-zao', 16),
(118, 118, ' https://img.discogs.com/mGle8Fc_vW0KL4C5mrTEQMom1CU=/fit-in/600x592/filters:strip_icc():format(jpeg):mode_rgb():quality(90)/discogs-images/R-494169-1501269435-3172.jpeg.jpg', ' https://img.discogs.com/VbbpZ8QxDC6AsPnMu9EIEVjO6CE=/fit-in/150x150/filters:strip_icc():format(jpeg):mode_rgb():quality(40)/discogs-images/R-494169-1501269435-3172.jpeg.jpg', '2ZXlnJ5o63g', 36),
(119, 119, ' https://img.discogs.com/9cWfS5MvvZ3CZTwIdKO6NcNaJKQ=/fit-in/600x604/filters:strip_icc():format(jpeg):mode_rgb():quality(90)/discogs-images/R-4181251-1589229600-4564.png.jpg', ' https://img.discogs.com/Urq8k_itM9mY6dWlwazx6dPUPos=/fit-in/150x150/filters:strip_icc():format(jpeg):mode_rgb():quality(40)/discogs-images/R-4181251-1589229600-4564.png.jpg', 'boZKuumidpo', 37),
(120, 120, ' https://img.discogs.com/id4XBHu1GWsXmLbVp1RHXN5irbg=/fit-in/600x600/filters:strip_icc():format(jpeg):mode_rgb():quality(90)/discogs-images/R-1081165-1438210211-8591.jpeg.jpg', ' https://img.discogs.com/gLTuhrLSN8V-E-Ic8t_jz8YpeOE=/fit-in/150x150/filters:strip_icc():format(jpeg):mode_rgb():quality(40)/discogs-images/R-1081165-1438210211-8591.jpeg.jpg', 'zxzV5XoLpto', 8),
(121, 121, ' https://img.discogs.com/eiBUrsJOj6OCpF3p7IFbX0QvX8k=/550x343/smart/filters:strip_icc():format(jpeg):mode_rgb():quality(90)/discogs-images/A-30419-1611130940-4833.jpeg.jpg', ' https://img.discogs.com/yFKasNqwttjERibtyTuIJlwPJEg=/150x150/smart/filters:strip_icc():format(jpeg):mode_rgb():quality(40)/discogs-images/A-30419-1611130940-4833.jpeg.jpg', 'Q49vjFN6Fsw', 11),
(122, 122, ' https://img.discogs.com/tye2UTBTmvsjOB1cRqy7gi9x3yU=/fit-in/600x588/filters:strip_icc():format(jpeg):mode_rgb():quality(90)/discogs-images/R-10215739-1493545341-3569.jpeg.jpg', ' https://img.discogs.com/5LzXZ9cXzbqYZMMEENvv8sJ56LA=/fit-in/150x150/filters:strip_icc():format(jpeg):mode_rgb():quality(40)/discogs-images/R-10215739-1493545341-3569.jpeg.jpg', 'Z3CW9WPUDpE', 6),
(123, 123, ' https://img.discogs.com/FxvEawPqpZnK50Lt5hw7rEfTN2s=/fit-in/600x600/filters:strip_icc():format(jpeg):mode_rgb():quality(90)/discogs-images/R-230209-1363050681-5143.jpeg.jpg', ' https://img.discogs.com/XOgzgzdnrmvyyLx9PmOlHejllvU=/fit-in/150x150/filters:strip_icc():format(jpeg):mode_rgb():quality(40)/discogs-images/R-230209-1363050681-5143.jpeg.jpg', 'Sd5gFx001qg', 28),
(124, 124, ' https://img.discogs.com/ES_5t26aapEd9NDeciGbAMNOCC4=/fit-in/600x597/filters:strip_icc():format(jpeg):mode_rgb():quality(90)/discogs-images/R-1123849-1588093682-3225.jpeg.jpg', ' https://img.discogs.com/tklTU7nMYlsG_vMBpXqtnwXbLBo=/fit-in/150x150/filters:strip_icc():format(jpeg):mode_rgb():quality(40)/discogs-images/R-1123849-1588093682-3225.jpeg.jpg', 'YcanG_FIdt0', 2),
(125, 125, ' https://img.discogs.com/kbxJ82bgarCxxslzYXL--B77Tio=/600x400/smart/filters:strip_icc():format(jpeg):mode_rgb():quality(90)/discogs-images/A-120232-1636151678-9350.jpeg.jpg', ' https://img.discogs.com/L5kSpl_xMc-ef-QWrj7cim2cGj4=/150x150/smart/filters:strip_icc():format(jpeg):mode_rgb():quality(40)/discogs-images/A-120232-1636151678-9350.jpeg.jpg', 'W4zumh4m7Kg', 5),
(126, 126, ' https://img.discogs.com/Iwvxur_DPNMNNMrgdHSXUyWFeVI=/fit-in/600x577/filters:strip_icc():format(jpeg):mode_rgb():quality(90)/discogs-images/R-416733-1549542237-9463.jpeg.jpg', ' https://img.discogs.com/hf--ijNX5_TDGVRDWnH1F8-99vQ=/fit-in/150x150/filters:strip_icc():format(jpeg):mode_rgb():quality(40)/discogs-images/R-416733-1549542237-9463.jpeg.jpg', 'eC4Epz9B9A8', 17),
(127, 127, ' https://img.discogs.com/Dvh9kinso-A4fWE3BcZWrEV-ZPY=/fit-in/599x600/filters:strip_icc():format(jpeg):mode_rgb():quality(90)/discogs-images/R-1562820-1235504986.jpeg.jpg', ' https://img.discogs.com/88fnHKJAjmIGVHS9fy89AShQAFA=/fit-in/150x150/filters:strip_icc():format(jpeg):mode_rgb():quality(40)/discogs-images/R-1562820-1235504986.jpeg.jpg', 'KaK4pLofRqA', 2),
(128, 128, ' https://img.discogs.com/72oTNzdYPZkUOG24l9GdPmwFm0I=/fit-in/600x600/filters:strip_icc():format(jpeg):mode_rgb():quality(90)/discogs-images/R-489717-1268136694.jpeg.jpg', ' https://img.discogs.com/5NvCvAX0jbZgTSFEd-2kW3zC5pk=/fit-in/150x150/filters:strip_icc():format(jpeg):mode_rgb():quality(40)/discogs-images/R-489717-1268136694.jpeg.jpg', '_j1shW3cWo8', 17),
(129, 129, ' https://img.discogs.com/fj0GKQdTL5MCWXKU82N2hdjBF7s=/fit-in/600x597/filters:strip_icc():format(jpeg):mode_rgb():quality(90)/discogs-images/R-116491-1541945472-4795.jpeg.jpg', ' https://img.discogs.com/ElhIjXpAsXeXktsQh_T41tNIqoY=/fit-in/150x150/filters:strip_icc():format(jpeg):mode_rgb():quality(40)/discogs-images/R-116491-1541945472-4795.jpeg.jpg', 'w6T_X7MXg40', 29),
(130, 130, ' https://img.discogs.com/22AUaRzBy3ngJu03qPVpMyOZdE8=/fit-in/600x599/filters:strip_icc():format(jpeg):mode_rgb():quality(90)/discogs-images/R-8765304-1468293975-3174.jpeg.jpg', ' https://img.discogs.com/f91sqguI0Hx1TV2bQ-aNBoGplE8=/fit-in/150x150/filters:strip_icc():format(jpeg):mode_rgb():quality(40)/discogs-images/R-8765304-1468293975-3174.jpeg.jpg', '7KvgP8MlEEE', 19),
(131, 131, ' https://img.discogs.com/iDfFifUHS4phrV1Rm_HWaCW4x1s=/fit-in/575x564/filters:strip_icc():format(jpeg):mode_rgb():quality(90)/discogs-images/R-696772-1389622198-5735.jpeg.jpg', ' https://img.discogs.com/HKz4tsA1OIyD05jid1cq4fQOWGo=/fit-in/150x150/filters:strip_icc():format(jpeg):mode_rgb():quality(40)/discogs-images/R-696772-1389622198-5735.jpeg.jpg', 'fWvKvOViM3g', 16);
INSERT INTO `album` (`album_id`, `number`, `thumbnail`, `album_cover`, `track`, `year_id`) VALUES
(132, 132, ' https://img.discogs.com/TvdJPRMmsASHdsHt_acVLS0BTHo=/fit-in/600x600/filters:strip_icc():format(jpeg):mode_rgb():quality(90)/discogs-images/R-9532890-1588926154-9796.jpeg.jpg', ' https://img.discogs.com/Y43IgsBfR5jkDM5msduCUVIr-5M=/fit-in/150x150/filters:strip_icc():format(jpeg):mode_rgb():quality(40)/discogs-images/R-9532890-1588926154-9796.jpeg.jpg', 'doHeogUL9ms', 19),
(133, 133, ' https://img.discogs.com/3JLVQ_UXAnv1_uV-39ORIf8WDpQ=/326x394/smart/filters:strip_icc():format(jpeg):mode_rgb():quality(90)/discogs-images/A-3485-1517672051-5292.jpeg.jpg', ' https://img.discogs.com/IXa_A2BXY6iyuTp-2oFmFhTpCP0=/150x150/smart/filters:strip_icc():format(jpeg):mode_rgb():quality(40)/discogs-images/A-3485-1517672051-5292.jpeg.jpg', 'LWLMaZ7H3B0', 17),
(134, 134, ' https://img.discogs.com/VSWBHhmTV-KeZS8yrzMTZncu_mM=/600x705/smart/filters:strip_icc():format(jpeg):mode_rgb():quality(90)/discogs-images/A-65049-1476549718-2125.jpeg.jpg', ' https://img.discogs.com/U-Au3aTbXnfVxhB2cKtqzeJVtFs=/150x150/smart/filters:strip_icc():format(jpeg):mode_rgb():quality(40)/discogs-images/A-65049-1476549718-2125.jpeg.jpg', 'QcsIyckkXiI', 38),
(135, 135, ' https://img.discogs.com/G5ol11h7caCW1xmS0XSl32m-jGk=/fit-in/500x500/filters:strip_icc():format(jpeg):mode_rgb():quality(90)/discogs-images/R-921223-1349134183-2333.jpeg.jpg', ' https://img.discogs.com/AuhNCOflAPDthG1PShvgC04aenQ=/fit-in/150x150/filters:strip_icc():format(jpeg):mode_rgb():quality(40)/discogs-images/R-921223-1349134183-2333.jpeg.jpg', 'skGqpC0WYSk', 39),
(136, 136, ' https://img.discogs.com/Y_zsbK-VQ4iS_QkVIQ_CsHlT1-I=/fit-in/600x596/filters:strip_icc():format(jpeg):mode_rgb():quality(90)/discogs-images/R-2205129-1396358933-1891.jpeg.jpg', ' https://img.discogs.com/M0ugqXdX38C1Z1BDu_Y4rpXLdXE=/fit-in/150x150/filters:strip_icc():format(jpeg):mode_rgb():quality(40)/discogs-images/R-2205129-1396358933-1891.jpeg.jpg', 'disou4tRzTw', 35),
(137, 137, ' https://img.discogs.com/CwMu9QFznVWyyvohSmAGNCBoc-Q=/fit-in/600x600/filters:strip_icc():format(jpeg):mode_rgb():quality(90)/discogs-images/R-995839-1378266710-7019.jpeg.jpg', ' https://img.discogs.com/p24jvVWfw_OfyPmVpX9vn9crJTY=/fit-in/150x150/filters:strip_icc():format(jpeg):mode_rgb():quality(40)/discogs-images/R-995839-1378266710-7019.jpeg.jpg', 'yCRa_MjXAKw', 40),
(138, 138, ' https://img.discogs.com/mpWCoWoUh2sBD0ikn7G8Vd-GsfU=/fit-in/600x600/filters:strip_icc():format(jpeg):mode_rgb():quality(90)/discogs-images/R-226082-1239894271.jpeg.jpg', ' https://img.discogs.com/gs8ppJ6qo-fu3gN73J3yktQXaIY=/fit-in/150x150/filters:strip_icc():format(jpeg):mode_rgb():quality(40)/discogs-images/R-226082-1239894271.jpeg.jpg', 'gXNNNUUfQUY', 39),
(139, 139, ' https://img.discogs.com/p_uGM77UZB014I_wC6xYQ4MTIlc=/fit-in/596x600/filters:strip_icc():format(jpeg):mode_rgb():quality(90)/discogs-images/R-431938-1292483368.jpeg.jpg', ' https://img.discogs.com/ydP_G4aRu5RGxeUyjj2dt3Trb4Q=/fit-in/150x150/filters:strip_icc():format(jpeg):mode_rgb():quality(40)/discogs-images/R-431938-1292483368.jpeg.jpg', 'NFv1Hsr1V2U', 35),
(140, 140, ' https://img.discogs.com/JDgsZs1yFMrsqpSOuSL0KEki0y4=/fit-in/600x600/filters:strip_icc():format(jpeg):mode_rgb():quality(90)/discogs-images/R-2580199-1327649065.jpeg.jpg', ' https://img.discogs.com/Y0RFORmMsJYQ8QO4gZ0WWE-S6HI=/fit-in/150x150/filters:strip_icc():format(jpeg):mode_rgb():quality(40)/discogs-images/R-2580199-1327649065.jpeg.jpg', '6Phbb2O1icY', 30),
(141, 141, ' https://img.discogs.com/QVHA571BJWqdYLO1dd3BnScZENg=/fit-in/600x602/filters:strip_icc():format(jpeg):mode_rgb():quality(90)/discogs-images/R-5984765-1527347984-7492.jpeg.jpg', ' https://img.discogs.com/R-L_fmUUJERFZu-cRAkAPYXgenI=/fit-in/150x150/filters:strip_icc():format(jpeg):mode_rgb():quality(40)/discogs-images/R-5984765-1527347984-7492.jpeg.jpg', '1rbo5IpgeXM', 4),
(142, 142, ' https://img.discogs.com/2EjMDFxdcYgYByMWOk7KYQyWjIM=/fit-in/600x597/filters:strip_icc():format(jpeg):mode_rgb():quality(90)/discogs-images/R-1162509-1514012854-1679.jpeg.jpg', ' https://img.discogs.com/C_UpwA_plxBl3GT0KjsFJXW7E-0=/fit-in/150x150/filters:strip_icc():format(jpeg):mode_rgb():quality(40)/discogs-images/R-1162509-1514012854-1679.jpeg.jpg', '7BVYDdl2M0A', 18),
(143, 143, ' https://img.discogs.com/Cl_PPzdpmAsyZfmrreHNXt_HmKg=/fit-in/600x593/filters:strip_icc():format(jpeg):mode_rgb():quality(90)/discogs-images/R-423937-1573087494-2232.jpeg.jpg', ' https://img.discogs.com/vOw-xxpwwXKFRPsV8lB1FeAS5ac=/fit-in/150x150/filters:strip_icc():format(jpeg):mode_rgb():quality(40)/discogs-images/R-423937-1573087494-2232.jpeg.jpg', 'Fk8ccZkjvAM', 8),
(144, 144, ' https://img.discogs.com/PI1QEoignR_a1lsDv4nq_Q_rniM=/fit-in/500x490/filters:strip_icc():format(jpeg):mode_rgb():quality(90)/discogs-images/R-103648-1176825837.jpeg.jpg', ' https://img.discogs.com/y3edEk89oA3w9WBm1jfvHXFYFMI=/fit-in/150x150/filters:strip_icc():format(jpeg):mode_rgb():quality(40)/discogs-images/R-103648-1176825837.jpeg.jpg', 'kIJeJK0iZDE', 23),
(145, 145, ' https://img.discogs.com/VFe-_x1GTgv8k9mkzsVBCXjoUc0=/fit-in/600x600/filters:strip_icc():format(jpeg):mode_rgb():quality(90)/discogs-images/R-1842334-1319595784.jpeg.jpg', ' https://img.discogs.com/dCBCou9twGJzGi3c3r-IUFBMYLs=/fit-in/150x150/filters:strip_icc():format(jpeg):mode_rgb():quality(40)/discogs-images/R-1842334-1319595784.jpeg.jpg', 'fwGlUQ3Wf78', 19),
(146, 146, ' https://img.discogs.com/1iOCP6zpU3H-lLuX7tD1Jn0mVnE=/fit-in/600x600/filters:strip_icc():format(jpeg):mode_rgb():quality(90)/discogs-images/R-2408506-1282394676.jpeg.jpg', ' https://img.discogs.com/m-sGoeX1-jYMXiKWTCmO1_RfikI=/fit-in/150x150/filters:strip_icc():format(jpeg):mode_rgb():quality(40)/discogs-images/R-2408506-1282394676.jpeg.jpg', 'cEY9deRvV2w', 2),
(147, 147, ' https://img.discogs.com/TFfBIxSOM6yxFHH5SsKE7yB-czA=/fit-in/600x600/filters:strip_icc():format(jpeg):mode_rgb():quality(90)/discogs-images/R-1132195-1598904144-3794.jpeg.jpg', ' https://img.discogs.com/wCDvACVc1usoChKYsn21GXc6ZNg=/fit-in/150x150/filters:strip_icc():format(jpeg):mode_rgb():quality(40)/discogs-images/R-1132195-1598904144-3794.jpeg.jpg', 'mup1xIAwyKo', 16),
(148, 148, ' https://img.discogs.com/4q2hN-plqPUc_YxWDcaGlTSP0DI=/fit-in/600x600/filters:strip_icc():format(jpeg):mode_rgb():quality(90)/discogs-images/R-455077-1588880788-2226.jpeg.jpg', ' https://img.discogs.com/43cMSCE5hOred_mTfLH-O3VZSLk=/fit-in/150x150/filters:strip_icc():format(jpeg):mode_rgb():quality(40)/discogs-images/R-455077-1588880788-2226.jpeg.jpg', 'dRnKvXqti6M', 17),
(149, 149, ' https://img.discogs.com/Bp_bBQ1QdqaRdyQHgoyyMWquJwI=/fit-in/600x600/filters:strip_icc():format(jpeg):mode_rgb():quality(90)/discogs-images/R-737224-1374075557-2725.jpeg.jpg', ' https://img.discogs.com/JuvBcoL-FgNF-tLPmryrNjL5wtg=/fit-in/150x150/filters:strip_icc():format(jpeg):mode_rgb():quality(40)/discogs-images/R-737224-1374075557-2725.jpeg.jpg', 'q0RBsZ-4Nlo', 11),
(150, 150, ' https://img.discogs.com/8aez1SQxTOKDw39Di-5ZbMDMIcA=/fit-in/600x600/filters:strip_icc():format(jpeg):mode_rgb():quality(90)/discogs-images/R-3012371-1311677961.jpeg.jpg', ' https://img.discogs.com/kP6GtNCx-_U28c5VEKWIAmHgl5U=/fit-in/150x150/filters:strip_icc():format(jpeg):mode_rgb():quality(40)/discogs-images/R-3012371-1311677961.jpeg.jpg', 'yTp5runGeBM', 30),
(151, 151, ' https://img.discogs.com/wHFfms7OMx0gtvvCpZC9P92eCEE=/fit-in/600x543/filters:strip_icc():format(jpeg):mode_rgb():quality(90)/discogs-images/R-432932-1427012095-1808.jpeg.jpg', ' https://img.discogs.com/4ibccJQW3EhzjhLzrzoWB8H5e10=/fit-in/150x150/filters:strip_icc():format(jpeg):mode_rgb():quality(40)/discogs-images/R-432932-1427012095-1808.jpeg.jpg', '32jp-7QlkqM', 41),
(152, 152, ' https://img.discogs.com/GolJsSWYkuMK2MuAJ97PGNOK41M=/fit-in/600x593/filters:strip_icc():format(jpeg):mode_rgb():quality(90)/discogs-images/R-2540241-1420568536-4818.jpeg.jpg', ' https://img.discogs.com/qV6yatboB9WW_p0m1fmZGaY08pw=/fit-in/150x150/filters:strip_icc():format(jpeg):mode_rgb():quality(40)/discogs-images/R-2540241-1420568536-4818.jpeg.jpg', 'PtH-tWjB_aQ', 7),
(153, 153, ' https://img.discogs.com/450X_mY8xg5PW8MobPMPOAt2puQ=/fit-in/600x598/filters:strip_icc():format(jpeg):mode_rgb():quality(90)/discogs-images/R-87291-1550096809-8409.jpeg.jpg', ' https://img.discogs.com/gUTpFaXg2kpqigGgT-tCBcfaj6E=/fit-in/150x150/filters:strip_icc():format(jpeg):mode_rgb():quality(40)/discogs-images/R-87291-1550096809-8409.jpeg.jpg', 'WyPwEm_lrHY', 13),
(154, 154, ' https://img.discogs.com/Z-Xmy-PndaJfXXQ-mMrllWeJkTU=/fit-in/600x596/filters:strip_icc():format(jpeg):mode_rgb():quality(90)/discogs-images/R-8014016-1453494733-8811.jpeg.jpg', ' https://img.discogs.com/z0BEzZH8YkGeQghyXfLhP_nX2bI=/fit-in/150x150/filters:strip_icc():format(jpeg):mode_rgb():quality(40)/discogs-images/R-8014016-1453494733-8811.jpeg.jpg', 'OSN3LiRz-Ik', 42),
(155, 155, ' https://img.discogs.com/jAZUSW7dF-n3dNNpPACQezGBx7k=/fit-in/600x600/filters:strip_icc():format(jpeg):mode_rgb():quality(90)/discogs-images/R-1161224-1236892033.jpeg.jpg', ' https://img.discogs.com/68yBokfJxmIhHfkio9x6hzx1xzM=/fit-in/150x150/filters:strip_icc():format(jpeg):mode_rgb():quality(40)/discogs-images/R-1161224-1236892033.jpeg.jpg', 'zw8kVWx4rwk', 29),
(156, 156, ' https://img.discogs.com/N8VK_9UASqJZthlcCzAystyT3hs=/fit-in/600x550/filters:strip_icc():format(jpeg):mode_rgb():quality(90)/discogs-images/R-1405831-1424792172-8982.jpeg.jpg', ' https://img.discogs.com/dEdv5razZguhL6hwRU_BR0SsAEE=/fit-in/150x150/filters:strip_icc():format(jpeg):mode_rgb():quality(40)/discogs-images/R-1405831-1424792172-8982.jpeg.jpg', 'HWaK-RMrGa0', 4),
(157, 157, ' https://img.discogs.com/4VnaPrww7S6I9z0iZxoGsDvP-Vo=/fit-in/600x600/filters:strip_icc():format(jpeg):mode_rgb():quality(90)/discogs-images/R-81692-1538992531-7551.jpeg.jpg', ' https://img.discogs.com/JdiR-FN8mGlS6TKZma5oRjiBRmM=/fit-in/150x150/filters:strip_icc():format(jpeg):mode_rgb():quality(40)/discogs-images/R-81692-1538992531-7551.jpeg.jpg', '07yuk-3_X_s', 29),
(158, 158, ' https://img.discogs.com/onRpErpn-zuscBkj1zBB3ZDPEKw=/fit-in/600x600/filters:strip_icc():format(jpeg):mode_rgb():quality(90)/discogs-images/R-811010-1161366395.jpeg.jpg', ' https://img.discogs.com/J5GTTqr6Is8wYhyP63O1ig8VOr4=/fit-in/150x150/filters:strip_icc():format(jpeg):mode_rgb():quality(40)/discogs-images/R-811010-1161366395.jpeg.jpg', 'TvMYu6I11k0', 12),
(159, 159, ' https://img.discogs.com/RsEOYN7w48_2MXHVVCJx2HHF7Es=/fit-in/600x600/filters:strip_icc():format(jpeg):mode_rgb():quality(90)/discogs-images/R-4530023-1500850218-5573.jpeg.jpg', ' https://img.discogs.com/a5kmctMFjXfq-A8rgJIgr8RHzRE=/fit-in/150x150/filters:strip_icc():format(jpeg):mode_rgb():quality(40)/discogs-images/R-4530023-1500850218-5573.jpeg.jpg', '_4Ci9ifIBn4', 12),
(160, 160, ' https://img.discogs.com/9G528p6O6ncz-U_V49hyHl0Zjis=/fit-in/600x600/filters:strip_icc():format(jpeg):mode_rgb():quality(90)/discogs-images/R-451183-1384080656-2600.jpeg.jpg', ' https://img.discogs.com/RYzI2ZN-4jSyZrSquNr0hygLOQ8=/fit-in/150x150/filters:strip_icc():format(jpeg):mode_rgb():quality(40)/discogs-images/R-451183-1384080656-2600.jpeg.jpg', 's-vO9XvLUTs', 5),
(161, 161, ' https://img.discogs.com/E6Kt7nUbHBdkOR-ECqy6Dk7GIDo=/fit-in/600x596/filters:strip_icc():format(jpeg):mode_rgb():quality(90)/discogs-images/R-937690-1585410216-9810.jpeg.jpg', ' https://img.discogs.com/-4CHkTBOvsUtrWmUr-w3rHvxyXg=/fit-in/150x150/filters:strip_icc():format(jpeg):mode_rgb():quality(40)/discogs-images/R-937690-1585410216-9810.jpeg.jpg', '3yZrFeiobmw', 8),
(162, 162, ' https://img.discogs.com/E0wHA8Kjr33vxrCU0UhD-KH9X8I=/fit-in/600x600/filters:strip_icc():format(jpeg):mode_rgb():quality(90)/discogs-images/R-4950798-1388623611-2362.jpeg.jpg', ' https://img.discogs.com/I_K5trVWAzVg2INuFsS6QTDQMNU=/fit-in/150x150/filters:strip_icc():format(jpeg):mode_rgb():quality(40)/discogs-images/R-4950798-1388623611-2362.jpeg.jpg', 'RDRauh2lETo', 44),
(163, 163, ' https://img.discogs.com/jLxqCFaAoCWPRqeXG0KTkzkpfG4=/fit-in/600x600/filters:strip_icc():format(jpeg):mode_rgb():quality(90)/discogs-images/R-10258354-1494378751-7337.jpeg.jpg', ' https://img.discogs.com/bxKNu4cThG2kDzaJIaOTOlpdazw=/fit-in/150x150/filters:strip_icc():format(jpeg):mode_rgb():quality(40)/discogs-images/R-10258354-1494378751-7337.jpeg.jpg', 'weUhBGA8mxo', 14),
(164, 164, ' https://img.discogs.com/FMsZrjt5LK6TOvS1pPax_WJVlFQ=/fit-in/600x526/filters:strip_icc():format(jpeg):mode_rgb():quality(90)/discogs-images/R-2217279-1270459677.jpeg.jpg', ' https://img.discogs.com/D9YHBRfcE1lq7Itzh1GQZTkZ8Ak=/fit-in/150x150/filters:strip_icc():format(jpeg):mode_rgb():quality(40)/discogs-images/R-2217279-1270459677.jpeg.jpg', 'HYhxJpP_YaY', 45),
(165, 165, ' https://img.discogs.com/qrQ0gptyAUixLYNHlst3sAN_aZU=/fit-in/600x606/filters:strip_icc():format(jpeg):mode_rgb():quality(90)/discogs-images/R-305438-1550584469-8419.jpeg.jpg', ' https://img.discogs.com/jrZJRie3FpGzMnLKp6LDPNgmrpQ=/fit-in/150x150/filters:strip_icc():format(jpeg):mode_rgb():quality(40)/discogs-images/R-305438-1550584469-8419.jpeg.jpg', 'x6QZn9xiuOE', 17),
(166, 166, ' https://img.discogs.com/yBj3luSRd10DQDUfHdpPNwmHA9g=/600x900/smart/filters:strip_icc():format(jpeg):mode_rgb():quality(90)/discogs-images/A-55029-1236334161.jpeg.jpg', ' https://img.discogs.com/heGFU7nqTOK_bbSlJTC8oXHZUkk=/150x150/smart/filters:strip_icc():format(jpeg):mode_rgb():quality(40)/discogs-images/A-55029-1236334161.jpeg.jpg', 'fZGNJTdh-Z0', 14),
(167, 167, ' https://img.discogs.com/HSuP6Uqx1DYkX7V9h3o2cC_AV6o=/fit-in/600x600/filters:strip_icc():format(jpeg):mode_rgb():quality(90)/discogs-images/R-1549636-1265948094.jpeg.jpg', ' https://img.discogs.com/1JvwInMpVcDXl3wn8qeEaoCu4v8=/fit-in/150x150/filters:strip_icc():format(jpeg):mode_rgb():quality(40)/discogs-images/R-1549636-1265948094.jpeg.jpg', 'K6LA7v1PApU', 28),
(168, 168, ' https://img.discogs.com/XDK0uW2IukwFScQmJz4yc0E3818=/fit-in/600x598/filters:strip_icc():format(jpeg):mode_rgb():quality(90)/discogs-images/R-471422-1591436297-4238.jpeg.jpg', ' https://img.discogs.com/RBee9-seTVTBox_JqlV1tILWJNc=/fit-in/150x150/filters:strip_icc():format(jpeg):mode_rgb():quality(40)/discogs-images/R-471422-1591436297-4238.jpeg.jpg', 'SuCCmiYUmhE', 19),
(169, 169, ' https://img.discogs.com/lb8zM5rMwF8qnTnImFUQ1eMl41A=/509x494/smart/filters:strip_icc():format(jpeg):mode_rgb():quality(90)/discogs-images/A-41441-1621806162-5474.jpeg.jpg', ' https://img.discogs.com/-VrNfnD_foEdDFVrzwTs50lsCeY=/150x150/smart/filters:strip_icc():format(jpeg):mode_rgb():quality(40)/discogs-images/A-41441-1621806162-5474.jpeg.jpg', 'gdlhMrHMcRc', 19),
(170, 170, ' https://img.discogs.com/rS-YgjwVz1jfmrGaZiPenRQeuwM=/fit-in/600x600/filters:strip_icc():format(jpeg):mode_rgb():quality(90)/discogs-images/R-4501716-1366669586-2267.jpeg.jpg', ' https://img.discogs.com/8lSYxVPUF8HokcW6rgZuk8BbVNg=/fit-in/150x150/filters:strip_icc():format(jpeg):mode_rgb():quality(40)/discogs-images/R-4501716-1366669586-2267.jpeg.jpg', 'KiWG11Ldk4Q', 16),
(171, 171, ' https://img.discogs.com/1g8rtEZnK3tX9yn4B4za8kxzEOY=/fit-in/600x604/filters:strip_icc():format(jpeg):mode_rgb():quality(90)/discogs-images/R-8338360-1459699424-4876.jpeg.jpg', ' https://img.discogs.com/ZUgGjPNwEt0NOIcmqTwu69W6jHs=/fit-in/150x150/filters:strip_icc():format(jpeg):mode_rgb():quality(40)/discogs-images/R-8338360-1459699424-4876.jpeg.jpg', 'JAoHVqDhl94', 8),
(172, 172, ' https://img.discogs.com/-DZoKdZdEZIidhbMTie9g-i-zHQ=/fit-in/600x600/filters:strip_icc():format(jpeg):mode_rgb():quality(90)/discogs-images/R-8606935-1465238427-4494.jpeg.jpg', ' https://img.discogs.com/hRF_zi3yJOBJniXpjvmlQb41C_0=/fit-in/150x150/filters:strip_icc():format(jpeg):mode_rgb():quality(40)/discogs-images/R-8606935-1465238427-4494.jpeg.jpg', '8AFkFv2WrBA', 5),
(173, 173, ' https://img.discogs.com/pKVkRZnAFhtxkq-UexHRx6R7ITo=/580x580/smart/filters:strip_icc():format(jpeg):mode_rgb():quality(90)/discogs-images/A-138572-1444192307-5932.jpeg.jpg', ' https://img.discogs.com/c2BNmhdyOie2eAMt6xbUleUag0o=/150x150/smart/filters:strip_icc():format(jpeg):mode_rgb():quality(40)/discogs-images/A-138572-1444192307-5932.jpeg.jpg', 'PDpZpj2A3F4', 6),
(174, 174, ' https://img.discogs.com/BdzrbkkG6-r19MlFlhT9Wgk4e-o=/fit-in/600x608/filters:strip_icc():format(jpeg):mode_rgb():quality(90)/discogs-images/R-10672431-1581814381-7517.jpeg.jpg', ' https://img.discogs.com/bmAb5728YP1zcMhUcduaFrH5pxs=/fit-in/150x150/filters:strip_icc():format(jpeg):mode_rgb():quality(40)/discogs-images/R-10672431-1581814381-7517.jpeg.jpg', 'zmbQtJk6hLo', 9),
(175, 175, ' https://img.discogs.com/yeWlBIwp3ePttrnX04bl_Kiy7DA=/600x873/smart/filters:strip_icc():format(jpeg):mode_rgb():quality(90)/discogs-images/A-170357-1640092497-8245.jpeg.jpg', ' https://img.discogs.com/INNPVn6JMIw1DuH1Jp8lU6ccKh4=/150x150/smart/filters:strip_icc():format(jpeg):mode_rgb():quality(40)/discogs-images/A-170357-1640092497-8245.jpeg.jpg', 'XJuDxwhaiSk', 16),
(176, 176, ' https://img.discogs.com/pnTxU5Se3wg5FUuSLFEAKGIV6LY=/fit-in/600x606/filters:strip_icc():format(jpeg):mode_rgb():quality(90)/discogs-images/R-380484-1557603317-5803.jpeg.jpg', ' https://img.discogs.com/pBUC70rCWaZNIPS68cPj_5SLC0Y=/fit-in/150x150/filters:strip_icc():format(jpeg):mode_rgb():quality(40)/discogs-images/R-380484-1557603317-5803.jpeg.jpg', 'PgUh6BNdq9Y', 9),
(177, 177, ' https://img.discogs.com/7fqEksQcgtufhRCLNXEvevZj228=/fit-in/600x601/filters:strip_icc():format(jpeg):mode_rgb():quality(90)/discogs-images/R-475153-1174977519.jpeg.jpg', ' https://img.discogs.com/LuSONPSvH-n54G0dDwutsrGLMmE=/fit-in/150x150/filters:strip_icc():format(jpeg):mode_rgb():quality(40)/discogs-images/R-475153-1174977519.jpeg.jpg', 'sgrvOR77T2o', 30),
(178, 178, ' https://img.discogs.com/EN7jgKYNWwfKUvEw1p4Ru7fHLW8=/fit-in/600x600/filters:strip_icc():format(jpeg):mode_rgb():quality(90)/discogs-images/R-2310634-1284951918.jpeg.jpg', ' https://img.discogs.com/U4xmMN3Uu7G3QbHTpUjoCLSZ9x0=/fit-in/150x150/filters:strip_icc():format(jpeg):mode_rgb():quality(40)/discogs-images/R-2310634-1284951918.jpeg.jpg', '3Wd4tlX5t-Q', 39),
(179, 179, ' https://img.discogs.com/wdOc8pCC9sfSnQXk_QOrQgqIRqs=/fit-in/600x534/filters:strip_icc():format(jpeg):mode_rgb():quality(90)/discogs-images/R-555054-1146139398.jpeg.jpg', ' https://img.discogs.com/eFYJ0RsqfdwmrHXfjBR8khuYrhE=/fit-in/150x150/filters:strip_icc():format(jpeg):mode_rgb():quality(40)/discogs-images/R-555054-1146139398.jpeg.jpg', 'TL0EoXdpOqg', 21),
(180, 180, ' https://img.discogs.com/Z3SMJ6TVLnqYAx_ahN577CGVaZU=/fit-in/576x614/filters:strip_icc():format(jpeg):mode_rgb():quality(90)/discogs-images/R-3996295-1351780101-8753.jpeg.jpg', ' https://img.discogs.com/yAoeAdxwEtWuOMw0Y63NCvASNNY=/fit-in/150x150/filters:strip_icc():format(jpeg):mode_rgb():quality(40)/discogs-images/R-3996295-1351780101-8753.jpeg.jpg', '4QAnz_2FGDA', 4),
(181, 181, ' https://img.discogs.com/lb8zM5rMwF8qnTnImFUQ1eMl41A=/509x494/smart/filters:strip_icc():format(jpeg):mode_rgb():quality(90)/discogs-images/A-41441-1621806162-5474.jpeg.jpg', ' https://img.discogs.com/-VrNfnD_foEdDFVrzwTs50lsCeY=/150x150/smart/filters:strip_icc():format(jpeg):mode_rgb():quality(40)/discogs-images/A-41441-1621806162-5474.jpeg.jpg', '4n6XdnVkOCc', 35),
(182, 182, ' https://img.discogs.com/69TqrLXkOJLAVgRh7PE2spVQLBE=/fit-in/600x600/filters:strip_icc():format(jpeg):mode_rgb():quality(90)/discogs-images/R-13552836-1556385191-7311.jpeg.jpg', ' https://img.discogs.com/SOCyk997xMitOTf4zYzq6nXvCAk=/fit-in/150x150/filters:strip_icc():format(jpeg):mode_rgb():quality(40)/discogs-images/R-13552836-1556385191-7311.jpeg.jpg', 'qs-hn1y7T7c', 12),
(183, 183, ' https://img.discogs.com/kzwEMR9hmHgkQl5afMoF5nxs3Lw=/fit-in/600x598/filters:strip_icc():format(jpeg):mode_rgb():quality(90)/discogs-images/R-1560450-1539836188-5933.jpeg.jpg', ' https://img.discogs.com/hROWSj3oVFDpALqPNxeyPvFt4vM=/fit-in/150x150/filters:strip_icc():format(jpeg):mode_rgb():quality(40)/discogs-images/R-1560450-1539836188-5933.jpeg.jpg', 'Mf1w66uijqU', 12),
(184, 184, ' https://img.discogs.com/5sMY-WgqyOIZMjo0azHNephzHf0=/fit-in/600x601/filters:strip_icc():format(jpeg):mode_rgb():quality(90)/discogs-images/R-6363459-1417392159-7454.jpeg.jpg', ' https://img.discogs.com/dtdzRKL02N4d1s3AUtNkDAV5bx0=/fit-in/150x150/filters:strip_icc():format(jpeg):mode_rgb():quality(40)/discogs-images/R-6363459-1417392159-7454.jpeg.jpg', 'loWcvzn_fxI', 15),
(185, 185, ' https://img.discogs.com/GkE22FZh2Dt9YcBGWMOHkSpaN90=/fit-in/600x600/filters:strip_icc():format(jpeg):mode_rgb():quality(90)/discogs-images/R-4282482-1375913082-1796.jpeg.jpg', ' https://img.discogs.com/5ZHo6QgHXimC3ojA-Qy-2LBDVIc=/fit-in/150x150/filters:strip_icc():format(jpeg):mode_rgb():quality(40)/discogs-images/R-4282482-1375913082-1796.jpeg.jpg', 'Pbv2OIcA4dI', 11),
(186, 186, ' https://img.discogs.com/eiBUrsJOj6OCpF3p7IFbX0QvX8k=/550x343/smart/filters:strip_icc():format(jpeg):mode_rgb():quality(90)/discogs-images/A-30419-1611130940-4833.jpeg.jpg', ' https://img.discogs.com/yFKasNqwttjERibtyTuIJlwPJEg=/150x150/smart/filters:strip_icc():format(jpeg):mode_rgb():quality(40)/discogs-images/A-30419-1611130940-4833.jpeg.jpg', 'g6xhSqz_4m8', 17),
(187, 187, ' https://img.discogs.com/6uD5mTbi0JfQsgwq1a880CMXS98=/fit-in/600x599/filters:strip_icc():format(jpeg):mode_rgb():quality(90)/discogs-images/R-379028-1159622661.jpeg.jpg', ' https://img.discogs.com/JGjYbJMRxfrAHWQhsNEX60sDxoM=/fit-in/150x150/filters:strip_icc():format(jpeg):mode_rgb():quality(40)/discogs-images/R-379028-1159622661.jpeg.jpg', '', 28),
(188, 188, ' https://img.discogs.com/9ujEqeXl5sI-DoSEx-wYzu7TZT8=/fit-in/600x607/filters:strip_icc():format(jpeg):mode_rgb():quality(90)/discogs-images/R-2530941-1320651689.jpeg.jpg', ' https://img.discogs.com/6P8Du71ISIpWA-hHTpb3WcEesGg=/fit-in/150x150/filters:strip_icc():format(jpeg):mode_rgb():quality(40)/discogs-images/R-2530941-1320651689.jpeg.jpg', '', 2),
(189, 189, ' https://img.discogs.com/6HPn1rnyM6yfhJ7yND0XBTaWvz0=/fit-in/600x600/filters:strip_icc():format(jpeg):mode_rgb():quality(90)/discogs-images/R-3043498-1316889116.jpeg.jpg', ' https://img.discogs.com/kRn0MTTT_B2-4PJVHnMDNA6gZGw=/fit-in/150x150/filters:strip_icc():format(jpeg):mode_rgb():quality(40)/discogs-images/R-3043498-1316889116.jpeg.jpg', '', 11),
(190, 190, ' https://img.discogs.com/_HfywzFNS5LNHRILV5liVoiB7PY=/600x778/smart/filters:strip_icc():format(jpeg):mode_rgb():quality(90)/discogs-images/A-27518-1622401909-5918.jpeg.jpg', ' https://img.discogs.com/rv_ixIXArnQFS6nGTFL9_WxwB_s=/150x150/smart/filters:strip_icc():format(jpeg):mode_rgb():quality(40)/discogs-images/A-27518-1622401909-5918.jpeg.jpg', '', 11),
(191, 191, ' https://img.discogs.com/fwqy_sOhtuSm9ZKo3PmWIwFizUs=/fit-in/598x600/filters:strip_icc():format(jpeg):mode_rgb():quality(90)/discogs-images/R-1352562-1395069812-3469.jpeg.jpg', ' https://img.discogs.com/_RQwE0I2WyxudDnQpL3Ae9wAvZs=/fit-in/150x150/filters:strip_icc():format(jpeg):mode_rgb():quality(40)/discogs-images/R-1352562-1395069812-3469.jpeg.jpg', '', 16),
(192, 192, ' https://img.discogs.com/fl6nfVrd9QvB0zcmsC7uwkW5qUc=/496x300/smart/filters:strip_icc():format(jpeg):mode_rgb():quality(90)/discogs-images/A-285133-1121852993.jpg.jpg', ' https://img.discogs.com/4BHn6pe21XuTht_6kbGIu_lMDhg=/150x150/smart/filters:strip_icc():format(jpeg):mode_rgb():quality(40)/discogs-images/A-285133-1121852993.jpg.jpg', '', 11),
(193, 193, ' https://img.discogs.com/_aD_ZCgjICJ9ilW_hdav_yk1tSo=/fit-in/600x600/filters:strip_icc():format(jpeg):mode_rgb():quality(90)/discogs-images/R-2103788-1507814667-9558.jpeg.jpg', ' https://img.discogs.com/jvcpcmyb3l19X2jtWCmM3YDmQps=/fit-in/150x150/filters:strip_icc():format(jpeg):mode_rgb():quality(40)/discogs-images/R-2103788-1507814667-9558.jpeg.jpg', '', 38),
(194, 194, ' https://img.discogs.com/UwGIE_SBdlVUpgFxoFxfMc5E4Io=/fit-in/600x601/filters:strip_icc():format(jpeg):mode_rgb():quality(90)/discogs-images/R-727363-1465323262-6330.jpeg.jpg', ' https://img.discogs.com/GQVUyp3-8LX5tOH7FzErf2QHgqs=/fit-in/150x150/filters:strip_icc():format(jpeg):mode_rgb():quality(40)/discogs-images/R-727363-1465323262-6330.jpeg.jpg', '', 6),
(195, 195, ' https://img.discogs.com/R6rMvls855GFOwJUO5k-mYaON14=/600x600/smart/filters:strip_icc():format(jpeg):mode_rgb():quality(90)/discogs-images/A-291340-1627134214-4152.jpeg.jpg', ' https://img.discogs.com/o-8qaKly9mbomylL_S3THO99Eb4=/150x150/smart/filters:strip_icc():format(jpeg):mode_rgb():quality(40)/discogs-images/A-291340-1627134214-4152.jpeg.jpg', '', 3),
(196, 196, ' https://img.discogs.com/Cfj2zs37mrfIEuq3di2kCQHQ52U=/fit-in/600x591/filters:strip_icc():format(jpeg):mode_rgb():quality(90)/discogs-images/R-13732841-1559982012-2453.jpeg.jpg', ' https://img.discogs.com/kHxcMWY2-5eUEcOQR8a18yPduEg=/fit-in/150x150/filters:strip_icc():format(jpeg):mode_rgb():quality(40)/discogs-images/R-13732841-1559982012-2453.jpeg.jpg', '', 46),
(197, 197, ' https://img.discogs.com/gZZRoeB49WvUspLMEu4jwW47ACA=/600x351/smart/filters:strip_icc():format(jpeg):mode_rgb():quality(90)/discogs-images/A-74500-1629114336-2844.jpeg.jpg', ' https://img.discogs.com/YWYuRJ3CvrZu-Eft2wuq4v8Vn-A=/150x150/smart/filters:strip_icc():format(jpeg):mode_rgb():quality(40)/discogs-images/A-74500-1629114336-2844.jpeg.jpg', '', 47),
(198, 198, ' https://img.discogs.com/UeUnAW9GKo5aIbCQJ1K8F3K_TTg=/fit-in/600x600/filters:strip_icc():format(jpeg):mode_rgb():quality(90)/discogs-images/R-3437964-1421102493-6066.jpeg.jpg', ' https://img.discogs.com/ZGBZh35FtZ8E8-nKgMhz99WhlnE=/fit-in/150x150/filters:strip_icc():format(jpeg):mode_rgb():quality(40)/discogs-images/R-3437964-1421102493-6066.jpeg.jpg', '', 2),
(199, 199, ' https://img.discogs.com/a_hLo7SYksp3kYqZ13zZQruT-hc=/fit-in/600x600/filters:strip_icc():format(jpeg):mode_rgb():quality(90)/discogs-images/R-15556604-1594102056-4808.jpeg.jpg', ' https://img.discogs.com/wVAE-n8vBbwv_iBssW-WoPnKMC4=/fit-in/150x150/filters:strip_icc():format(jpeg):mode_rgb():quality(40)/discogs-images/R-15556604-1594102056-4808.jpeg.jpg', '', 21),
(200, 200, ' https://img.discogs.com/u-384iTupCHfRLHewTnF_J8NMho=/fit-in/600x600/filters:strip_icc():format(jpeg):mode_rgb():quality(90)/discogs-images/R-400587-1533834528-3133.jpeg.jpg', ' https://img.discogs.com/Lrx0-vTGMOV6Mxzf4JygXT5A10U=/fit-in/150x150/filters:strip_icc():format(jpeg):mode_rgb():quality(40)/discogs-images/R-400587-1533834528-3133.jpeg.jpg', '', 7),
(201, 201, ' https://img.discogs.com/M-I84rYymLRYBP673UWYzXQryUo=/fit-in/600x536/filters:strip_icc():format(jpeg):mode_rgb():quality(90)/discogs-images/R-8851865-1470109077-8219.jpeg.jpg', ' https://img.discogs.com/FLmBFwbF3ZbI-IHln82zrzMrRvc=/fit-in/150x150/filters:strip_icc():format(jpeg):mode_rgb():quality(40)/discogs-images/R-8851865-1470109077-8219.jpeg.jpg', '', 38),
(202, 202, ' https://img.discogs.com/KczlGl_1rqJfHZB8kcp-6Ev2_dY=/fit-in/600x608/filters:strip_icc():format(jpeg):mode_rgb():quality(90)/discogs-images/R-1836118-1589388791-5032.jpeg.jpg', ' https://img.discogs.com/3BqI7I8mTdKGHPX0t2vYW717LwA=/fit-in/150x150/filters:strip_icc():format(jpeg):mode_rgb():quality(40)/discogs-images/R-1836118-1589388791-5032.jpeg.jpg', '', 3),
(203, 203, ' https://img.discogs.com/klLG5j9QLorFg71s772nvLY0Dpg=/fit-in/598x600/filters:strip_icc():format(jpeg):mode_rgb():quality(90)/discogs-images/R-459606-1450389425-8852.jpeg.jpg', ' https://img.discogs.com/StrWzhmrbwFwb0eDD4HF7BHonQg=/fit-in/150x150/filters:strip_icc():format(jpeg):mode_rgb():quality(40)/discogs-images/R-459606-1450389425-8852.jpeg.jpg', '', 20),
(204, 204, ' https://img.discogs.com/llbi2J7y6x1ju092LOHiTRGscwA=/fit-in/600x600/filters:strip_icc():format(jpeg):mode_rgb():quality(90)/discogs-images/R-769530-1530523014-6184.jpeg.jpg', ' https://img.discogs.com/5mhOt-fbkGD9InAsprGHcjZg7XQ=/fit-in/150x150/filters:strip_icc():format(jpeg):mode_rgb():quality(40)/discogs-images/R-769530-1530523014-6184.jpeg.jpg', '', 48),
(205, 205, ' https://img.discogs.com/f-JU3ZJoVVaf1LrloQHx3bL-zSo=/fit-in/600x601/filters:strip_icc():format(jpeg):mode_rgb():quality(90)/discogs-images/R-2906892-1306677383.jpeg.jpg', ' https://img.discogs.com/FJ6MtBfvK3U5_KqIwMcqY_AzCWo=/fit-in/150x150/filters:strip_icc():format(jpeg):mode_rgb():quality(40)/discogs-images/R-2906892-1306677383.jpeg.jpg', '', 8),
(206, 206, ' https://img.discogs.com/hLjqZqLFFimWOeOCkIt-a0JHXU4=/fit-in/600x600/filters:strip_icc():format(jpeg):mode_rgb():quality(90)/discogs-images/R-7690671-1446822344-3754.jpeg.jpg', ' https://img.discogs.com/II1OufkEQtCk6r__EtsNSAHTuco=/fit-in/150x150/filters:strip_icc():format(jpeg):mode_rgb():quality(40)/discogs-images/R-7690671-1446822344-3754.jpeg.jpg', '', 29),
(207, 207, ' https://img.discogs.com/Vku1wPUfxvCw4EjzDSUbd9peTos=/fit-in/600x610/filters:strip_icc():format(jpeg):mode_rgb():quality(90)/discogs-images/R-6534046-1616261345-5414.jpeg.jpg', ' https://img.discogs.com/HaFeTdzeYwzz5oV7kjHk1VGGKuU=/fit-in/150x150/filters:strip_icc():format(jpeg):mode_rgb():quality(40)/discogs-images/R-6534046-1616261345-5414.jpeg.jpg', '', 16),
(208, 208, ' https://img.discogs.com/J04pLtxi1a04Q17KIIJyNUzrops=/fit-in/600x600/filters:strip_icc():format(jpeg):mode_rgb():quality(90)/discogs-images/R-473873-1162814505.jpeg.jpg', ' https://img.discogs.com/Xp_wOzjMVBtCfBUAI1LLvSa5egE=/fit-in/150x150/filters:strip_icc():format(jpeg):mode_rgb():quality(40)/discogs-images/R-473873-1162814505.jpeg.jpg', '', 16),
(209, 209, ' https://img.discogs.com/Toa3HzW0XjhhSOZqoVC6P0y_hRU=/600x397/smart/filters:strip_icc():format(jpeg):mode_rgb():quality(90)/discogs-images/A-175395-1615753209-5320.jpeg.jpg', ' https://img.discogs.com/jPfb5V0LL6GXUNhilwvwg5lX59c=/150x150/smart/filters:strip_icc():format(jpeg):mode_rgb():quality(40)/discogs-images/A-175395-1615753209-5320.jpeg.jpg', '', 13),
(210, 210, ' https://img.discogs.com/fPM-tkaursYErF2t0705Gj6sCgE=/fit-in/600x599/filters:strip_icc():format(jpeg):mode_rgb():quality(90)/discogs-images/R-1657174-1235574215.jpeg.jpg', ' https://img.discogs.com/Bgrobx5IQPUtskLeiV35IGm72k8=/fit-in/150x150/filters:strip_icc():format(jpeg):mode_rgb():quality(40)/discogs-images/R-1657174-1235574215.jpeg.jpg', '', 11),
(211, 211, ' https://img.discogs.com/49xkF6COV5H3B1qYvOHHciY6brQ=/fit-in/600x600/filters:strip_icc():format(jpeg):mode_rgb():quality(90)/discogs-images/R-463597-1560369536-8302.jpeg.jpg', ' https://img.discogs.com/RsAndJixx1l8g01YI8qrMdr08LI=/fit-in/150x150/filters:strip_icc():format(jpeg):mode_rgb():quality(40)/discogs-images/R-463597-1560369536-8302.jpeg.jpg', '', 12),
(212, 212, ' https://img.discogs.com/zZBorf9CADH8AVqdFBPs_dfvkOg=/fit-in/600x597/filters:strip_icc():format(jpeg):mode_rgb():quality(90)/discogs-images/R-379401-1248294358.jpeg.jpg', ' https://img.discogs.com/sZvE0sSWcyw2FmyOoqRjo9o65hU=/fit-in/150x150/filters:strip_icc():format(jpeg):mode_rgb():quality(40)/discogs-images/R-379401-1248294358.jpeg.jpg', '', 38),
(213, 213, ' https://img.discogs.com/0M1RE8WVc46yDJxOhAGj06zEsEM=/fit-in/600x600/filters:strip_icc():format(jpeg):mode_rgb():quality(90)/discogs-images/R-1931909-1559219585-1890.jpeg.jpg', ' https://img.discogs.com/qWaYX4SNQpdWky9cwCDhxOYl5Wk=/fit-in/150x150/filters:strip_icc():format(jpeg):mode_rgb():quality(40)/discogs-images/R-1931909-1559219585-1890.jpeg.jpg', '', 50),
(214, 214, ' https://img.discogs.com/3DuftNzpdM9O2RCk_Isl1-eOT2M=/355x400/smart/filters:strip_icc():format(jpeg):mode_rgb():quality(90)/discogs-images/A-238213-1152002160.jpeg.jpg', ' https://img.discogs.com/BI5mn4iY-Y0jkoK6KJV08XE1Zxc=/150x150/smart/filters:strip_icc():format(jpeg):mode_rgb():quality(40)/discogs-images/A-238213-1152002160.jpeg.jpg', '', 13),
(215, 215, ' https://img.discogs.com/tOC2Gj13ovNewsLIZsIsCenH1nE=/fit-in/600x600/filters:strip_icc():format(jpeg):mode_rgb():quality(90)/discogs-images/R-7438216-1441570177-2027.jpeg.jpg', ' https://img.discogs.com/eZ1RAz5Z3BcZRM_BBJiyeN0Z_FY=/fit-in/150x150/filters:strip_icc():format(jpeg):mode_rgb():quality(40)/discogs-images/R-7438216-1441570177-2027.jpeg.jpg', '', 17),
(216, 216, ' https://img.discogs.com/4qR_5kkEOTtgrBalzdOk9W-z45o=/fit-in/591x600/filters:strip_icc():format(jpeg):mode_rgb():quality(90)/discogs-images/R-4796303-1381664821-4308.jpeg.jpg', ' https://img.discogs.com/tdjlr5b3vk2nINSlYqji8CP7TLQ=/fit-in/150x150/filters:strip_icc():format(jpeg):mode_rgb():quality(40)/discogs-images/R-4796303-1381664821-4308.jpeg.jpg', '', 28),
(217, 217, ' https://img.discogs.com/pW_IemfZFt70XAZOiwVGbFkj7n4=/fit-in/600x615/filters:strip_icc():format(jpeg):mode_rgb():quality(90)/discogs-images/R-2328674-1590266247-1152.jpeg.jpg', ' https://img.discogs.com/Ux6keV8jv_BA7Izj4Ltr9p6mWi0=/fit-in/150x150/filters:strip_icc():format(jpeg):mode_rgb():quality(40)/discogs-images/R-2328674-1590266247-1152.jpeg.jpg', '', 50),
(218, 218, ' https://img.discogs.com/EuGrdp1lqK_2NtuWkpkRaPdPPPw=/fit-in/600x600/filters:strip_icc():format(jpeg):mode_rgb():quality(90)/discogs-images/R-494927-1230854023.jpeg.jpg', ' https://img.discogs.com/60UyFhL25IdjjFCrEet11t8tZms=/fit-in/150x150/filters:strip_icc():format(jpeg):mode_rgb():quality(40)/discogs-images/R-494927-1230854023.jpeg.jpg', '', 28),
(219, 219, ' https://img.discogs.com/--oyBfBOaMI_SeMTX57AmX8xW6k=/fit-in/600x600/filters:strip_icc():format(jpeg):mode_rgb():quality(90)/discogs-images/R-5531755-1395920906-7292.jpeg.jpg', ' https://img.discogs.com/0QA1ATcim5qwDXaVdETHfIIFynU=/fit-in/150x150/filters:strip_icc():format(jpeg):mode_rgb():quality(40)/discogs-images/R-5531755-1395920906-7292.jpeg.jpg', '', 28),
(220, 220, ' https://img.discogs.com/gBmIjuW_meMmddzlQtIo_alTdF8=/fit-in/600x600/filters:strip_icc():format(jpeg):mode_rgb():quality(90)/discogs-images/R-389034-1610977636-9090.jpeg.jpg', ' https://img.discogs.com/pN6jn-mpzRkfvZCV_kDrN16uK2U=/fit-in/150x150/filters:strip_icc():format(jpeg):mode_rgb():quality(40)/discogs-images/R-389034-1610977636-9090.jpeg.jpg', '', 16),
(221, 221, ' https://img.discogs.com/250whDV6rD3Z1VwY-hNjSrv8rrQ=/fit-in/280x280/filters:strip_icc():format(jpeg):mode_rgb():quality(90)/discogs-images/R-127622-1250208679.jpeg.jpg', ' https://img.discogs.com/n8r9KDgukY_W6gtEciel8YnJvg0=/fit-in/150x150/filters:strip_icc():format(jpeg):mode_rgb():quality(40)/discogs-images/R-127622-1250208679.jpeg.jpg', '', 13),
(222, 222, ' https://img.discogs.com/3g07JdMP6sXtBWqIlG-RBOS33T0=/fit-in/600x600/filters:strip_icc():format(jpeg):mode_rgb():quality(90)/discogs-images/R-2505256-1351868607-3058.jpeg.jpg', ' https://img.discogs.com/WgewvdUxGXKy8zr_cyYsqW4aJuo=/fit-in/150x150/filters:strip_icc():format(jpeg):mode_rgb():quality(40)/discogs-images/R-2505256-1351868607-3058.jpeg.jpg', '', 6),
(223, 223, ' https://img.discogs.com/LVl697iMR8Fv8vG616JWazHvvlo=/fit-in/600x596/filters:strip_icc():format(jpeg):mode_rgb():quality(90)/discogs-images/R-786161-1617378697-3405.jpeg.jpg', ' https://img.discogs.com/NM6TPiIolfllMeUrYkCFUyScFYk=/fit-in/150x150/filters:strip_icc():format(jpeg):mode_rgb():quality(40)/discogs-images/R-786161-1617378697-3405.jpeg.jpg', '', 47),
(224, 224, ' https://img.discogs.com/yb3aoSB-zlPhFMsTG4XnaDWCFJ0=/fit-in/600x605/filters:strip_icc():format(jpeg):mode_rgb():quality(90)/discogs-images/R-2177697-1564457379-9416.jpeg.jpg', ' https://img.discogs.com/q-PilGxqWZViEY6htFzNbDT3--U=/fit-in/150x150/filters:strip_icc():format(jpeg):mode_rgb():quality(40)/discogs-images/R-2177697-1564457379-9416.jpeg.jpg', '', 51),
(225, 225, ' https://img.discogs.com/2jJUWUQv8iZYiif-qutqBnNadjo=/fit-in/600x589/filters:strip_icc():format(jpeg):mode_rgb():quality(90)/discogs-images/R-973706-1488163916-8517.jpeg.jpg', ' https://img.discogs.com/GnIEntgkDebHw4R7JTE7Z3d7GnY=/fit-in/150x150/filters:strip_icc():format(jpeg):mode_rgb():quality(40)/discogs-images/R-973706-1488163916-8517.jpeg.jpg', '', 41),
(226, 226, ' https://img.discogs.com/L4spsuTpzC9Z4D4_FyOL6-qTHP0=/fit-in/600x600/filters:strip_icc():format(jpeg):mode_rgb():quality(90)/discogs-images/R-648676-1610104853-5669.jpeg.jpg', ' https://img.discogs.com/3rNOOpGvQEE1iBwtOZzosvuFMI4=/fit-in/150x150/filters:strip_icc():format(jpeg):mode_rgb():quality(40)/discogs-images/R-648676-1610104853-5669.jpeg.jpg', '', 14),
(227, 227, ' https://img.discogs.com/eCx2HSayuxqAyLCUbvvyRjE3-2g=/fit-in/550x550/filters:strip_icc():format(jpeg):mode_rgb():quality(90)/discogs-images/R-2805906-1396136015-2237.jpeg.jpg', ' https://img.discogs.com/rweZV69LEkG1eVBmOPOgJ4f9SS0=/fit-in/150x150/filters:strip_icc():format(jpeg):mode_rgb():quality(40)/discogs-images/R-2805906-1396136015-2237.jpeg.jpg', '', 43),
(228, 228, ' https://img.discogs.com/kpWjJCX8-zEw40zVj_EyxnD4y_8=/fit-in/590x600/filters:strip_icc():format(jpeg):mode_rgb():quality(90)/discogs-images/R-53282-1203009189.jpeg.jpg', ' https://img.discogs.com/j9qkfT-nYV1XYg7Q2iTybQErNQc=/fit-in/150x150/filters:strip_icc():format(jpeg):mode_rgb():quality(40)/discogs-images/R-53282-1203009189.jpeg.jpg', '', 20),
(229, 229, ' https://img.discogs.com/xuHs3VmONmnaz6uYgaeAL9akwTM=/fit-in/600x601/filters:strip_icc():format(jpeg):mode_rgb():quality(90)/discogs-images/R-6790493-1588177249-3675.jpeg.jpg', ' https://img.discogs.com/INOV7MmcFZi2q99-R0WWbfpVqR0=/fit-in/150x150/filters:strip_icc():format(jpeg):mode_rgb():quality(40)/discogs-images/R-6790493-1588177249-3675.jpeg.jpg', '', 12),
(230, 230, ' https://img.discogs.com/oaOFqpHKr8NhQlYh7kG8sqFOkX4=/fit-in/600x596/filters:strip_icc():format(jpeg):mode_rgb():quality(90)/discogs-images/R-2985174-1376885119-2504.jpeg.jpg', ' https://img.discogs.com/UI3z4plD_e0y9cHLWyvqrXsefrw=/fit-in/150x150/filters:strip_icc():format(jpeg):mode_rgb():quality(40)/discogs-images/R-2985174-1376885119-2504.jpeg.jpg', '', 43),
(231, 231, ' https://img.discogs.com/o9Hq8y7MuzStnKzXNyjfMAb9JE4=/fit-in/600x594/filters:strip_icc():format(jpeg):mode_rgb():quality(90)/discogs-images/R-612780-1541367145-2127.jpeg.jpg', ' https://img.discogs.com/sts7ttF8jBH_x5D-T6V9DKf0Ytc=/fit-in/150x150/filters:strip_icc():format(jpeg):mode_rgb():quality(40)/discogs-images/R-612780-1541367145-2127.jpeg.jpg', '', 12),
(232, 232, ' https://img.discogs.com/lNtxTMzmZzIqRoUV3LznRrAAHQs=/fit-in/600x600/filters:strip_icc():format(jpeg):mode_rgb():quality(90)/discogs-images/R-4893112-1378672932-8646.jpeg.jpg', ' https://img.discogs.com/vXJFNtCsCv_jmQGfGEZvDGVN5rE=/fit-in/150x150/filters:strip_icc():format(jpeg):mode_rgb():quality(40)/discogs-images/R-4893112-1378672932-8646.jpeg.jpg', '', 6),
(233, 233, ' https://img.discogs.com/EIx2CVHbxRO0SDuCtiFwpg3vQAU=/fit-in/600x600/filters:strip_icc():format(jpeg):mode_rgb():quality(90)/discogs-images/R-1456636-1221103689.jpeg.jpg', ' https://img.discogs.com/Cv37tC0RI6GGrtVZLNANF03p2wc=/fit-in/150x150/filters:strip_icc():format(jpeg):mode_rgb():quality(40)/discogs-images/R-1456636-1221103689.jpeg.jpg', '', 4),
(234, 234, ' https://img.discogs.com/gdUQnZYSMJRSQ-OsRKrQOKvVWnM=/fit-in/600x600/filters:strip_icc():format(jpeg):mode_rgb():quality(90)/discogs-images/R-1247699-1463256104-5077.jpeg.jpg', ' https://img.discogs.com/dgETBCa3a15-yEWecgTNpJv2yPk=/fit-in/150x150/filters:strip_icc():format(jpeg):mode_rgb():quality(40)/discogs-images/R-1247699-1463256104-5077.jpeg.jpg', '', 8),
(235, 235, ' https://img.discogs.com/YDGn1gVAOqkJ4yscgnHIYW2hx0k=/fit-in/479x478/filters:strip_icc():format(jpeg):mode_rgb():quality(90)/discogs-images/R-3318385-1325538670.jpeg.jpg', ' https://img.discogs.com/sMoRUxrTSmJoL5jEWmUz1FCcOhM=/fit-in/150x150/filters:strip_icc():format(jpeg):mode_rgb():quality(40)/discogs-images/R-3318385-1325538670.jpeg.jpg', '', 27),
(236, 236, ' https://img.discogs.com/PExK9K43R2UwGnEe_srv_Y_ekak=/fit-in/600x1126/filters:strip_icc():format(jpeg):mode_rgb():quality(90)/discogs-images/R-6841706-1437949103-2254.jpeg.jpg', ' https://img.discogs.com/jup3PBJBVspRPz3T8IfW-PfHTOI=/fit-in/150x150/filters:strip_icc():format(jpeg):mode_rgb():quality(40)/discogs-images/R-6841706-1437949103-2254.jpeg.jpg', '', 39),
(237, 237, ' https://img.discogs.com/9hiiE6EWl84-w7KN9OJq5tOFQQI=/fit-in/600x595/filters:strip_icc():format(jpeg):mode_rgb():quality(90)/discogs-images/R-930764-1213964758.jpeg.jpg', ' https://img.discogs.com/5nhzxbfw-zS5S1fISfx6W7b5cpw=/fit-in/150x150/filters:strip_icc():format(jpeg):mode_rgb():quality(40)/discogs-images/R-930764-1213964758.jpeg.jpg', '', 4),
(238, 238, ' https://img.discogs.com/ZVMM3OdcqRKJ4K056MW3pXU_xCA=/fit-in/519x522/filters:strip_icc():format(jpeg):mode_rgb():quality(90)/discogs-images/R-7697644-1446949931-6231.jpeg.jpg', ' https://img.discogs.com/XZhw8biO8dyLiItofAgXeq4KQWY=/fit-in/150x150/filters:strip_icc():format(jpeg):mode_rgb():quality(40)/discogs-images/R-7697644-1446949931-6231.jpeg.jpg', '', 32),
(239, 239, ' https://img.discogs.com/oFv5mk65U2qVPrcdzO9EOtVd0C0=/fit-in/600x592/filters:strip_icc():format(jpeg):mode_rgb():quality(90)/discogs-images/R-116237-1538315766-4634.jpeg.jpg', ' https://img.discogs.com/IAJFIlvjFNmnyG_mnllPOrHCSzo=/fit-in/150x150/filters:strip_icc():format(jpeg):mode_rgb():quality(40)/discogs-images/R-116237-1538315766-4634.jpeg.jpg', '', 43),
(240, 240, ' https://img.discogs.com/hyXTMYZrbHuZv-zF7L_TSXLYP0w=/fit-in/600x605/filters:strip_icc():format(jpeg):mode_rgb():quality(90)/discogs-images/R-3087067-1589290204-3603.jpeg.jpg', ' https://img.discogs.com/2tnKDLX9YnTNgHvWgwLkGyqTb_U=/fit-in/150x150/filters:strip_icc():format(jpeg):mode_rgb():quality(40)/discogs-images/R-3087067-1589290204-3603.jpeg.jpg', '', 6),
(241, 241, ' https://img.discogs.com/iYENz1QkuTPVs8aH-PEbAGTfQD0=/fit-in/600x600/filters:strip_icc():format(jpeg):mode_rgb():quality(90)/discogs-images/R-391888-1303510793.jpeg.jpg', ' https://img.discogs.com/e90VlJ_USs1xZHLDGNHPCRDVWVw=/fit-in/150x150/filters:strip_icc():format(jpeg):mode_rgb():quality(40)/discogs-images/R-391888-1303510793.jpeg.jpg', '', 22),
(242, 242, ' https://img.discogs.com/SHgNXiUfZLb0BqjI_c41i_uY5HM=/fit-in/600x603/filters:strip_icc():format(jpeg):mode_rgb():quality(90)/discogs-images/R-230122-1300387851.jpeg.jpg', ' https://img.discogs.com/uTy0UVvWhW2TJpVcSQGfiYOj40E=/fit-in/150x150/filters:strip_icc():format(jpeg):mode_rgb():quality(40)/discogs-images/R-230122-1300387851.jpeg.jpg', '', 22),
(243, 243, ' https://img.discogs.com/rMGVV4I8mM_YLZqmdHZoWhG-VjU=/fit-in/600x591/filters:strip_icc():format(jpeg):mode_rgb():quality(90)/discogs-images/R-462466-1464284643-3601.jpeg.jpg', ' https://img.discogs.com/OHqdxSrmOBLK-l8QHv4aiIeiIao=/fit-in/150x150/filters:strip_icc():format(jpeg):mode_rgb():quality(40)/discogs-images/R-462466-1464284643-3601.jpeg.jpg', '', 16),
(244, 244, ' https://img.discogs.com/p-oMn8Vmk3DpcPwG86Nzd8oQQSY=/fit-in/600x610/filters:strip_icc():format(jpeg):mode_rgb():quality(90)/discogs-images/R-223754-1638217004-4565.jpeg.jpg', ' https://img.discogs.com/Fk9OrT0xfPngVhH71Ra_3ZlpPLc=/fit-in/150x150/filters:strip_icc():format(jpeg):mode_rgb():quality(40)/discogs-images/R-223754-1638217004-4565.jpeg.jpg', '', 27),
(245, 245, ' https://img.discogs.com/7gPIJWJhkxfQMwrDR_lXqd41TBE=/fit-in/600x526/filters:strip_icc():format(jpeg):mode_rgb():quality(90)/discogs-images/R-2749173-1601938779-8324.jpeg.jpg', ' https://img.discogs.com/iqSFgEjmLc7Pi-PYZ6BuymtZjUI=/fit-in/150x150/filters:strip_icc():format(jpeg):mode_rgb():quality(40)/discogs-images/R-2749173-1601938779-8324.jpeg.jpg', '', 52),
(246, 246, ' https://img.discogs.com/lcaNDTtBOojvbG2a5Fo8xdfzFXI=/fit-in/600x606/filters:strip_icc():format(jpeg):mode_rgb():quality(90)/discogs-images/R-538636-1435321700-7614.jpeg.jpg', ' https://img.discogs.com/XZFDRMqcLzd0kuHhiFVFuhBHq78=/fit-in/150x150/filters:strip_icc():format(jpeg):mode_rgb():quality(40)/discogs-images/R-538636-1435321700-7614.jpeg.jpg', '', 3),
(247, 247, ' https://img.discogs.com/mlcrRaXON7qlpkc1pPgGJdHJolc=/fit-in/600x603/filters:strip_icc():format(jpeg):mode_rgb():quality(90)/discogs-images/R-1150844-1587371603-1694.jpeg.jpg', ' https://img.discogs.com/T69PfZzG3mz-X88Rx_6qCF9_xBs=/fit-in/150x150/filters:strip_icc():format(jpeg):mode_rgb():quality(40)/discogs-images/R-1150844-1587371603-1694.jpeg.jpg', '', 11),
(248, 248, ' https://img.discogs.com/Px82OSzDFGt3wHlYP_Fpwqlgkx0=/fit-in/600x591/filters:strip_icc():format(jpeg):mode_rgb():quality(90)/discogs-images/R-488973-1537684103-9468.jpeg.jpg', ' https://img.discogs.com/kjmWboOPI5FMbjj_fauWV8PB5KY=/fit-in/150x150/filters:strip_icc():format(jpeg):mode_rgb():quality(40)/discogs-images/R-488973-1537684103-9468.jpeg.jpg', '', 10),
(249, 249, ' https://img.discogs.com/AvCs6XiHmyar4VYRYvSu7caOcKI=/fit-in/600x590/filters:strip_icc():format(jpeg):mode_rgb():quality(90)/discogs-images/R-8071425-1454593567-4874.jpeg.jpg', ' https://img.discogs.com/N8hsq2FI27ayjAY4YwZ11UnHQZo=/fit-in/150x150/filters:strip_icc():format(jpeg):mode_rgb():quality(40)/discogs-images/R-8071425-1454593567-4874.jpeg.jpg', '', 39),
(250, 250, ' https://img.discogs.com/uFJHzaENQqL8tgr27RM_WuJdNH0=/fit-in/600x600/filters:strip_icc():format(jpeg):mode_rgb():quality(90)/discogs-images/R-227021-1504706218-9626.jpeg.jpg', ' https://img.discogs.com/LkwajThYo4VWFaWFOyG2uVJPj8I=/fit-in/150x150/filters:strip_icc():format(jpeg):mode_rgb():quality(40)/discogs-images/R-227021-1504706218-9626.jpeg.jpg', '', 53),
(251, 251, ' https://img.discogs.com/ep57L4wp6DlHm71A7-gNNC_ykBg=/fit-in/600x600/filters:strip_icc():format(jpeg):mode_rgb():quality(90)/discogs-images/R-216166-1275625649.jpeg.jpg', ' https://img.discogs.com/AsRIwm8dq334B7Y2p2By6lyBWe4=/fit-in/150x150/filters:strip_icc():format(jpeg):mode_rgb():quality(40)/discogs-images/R-216166-1275625649.jpeg.jpg', '', 19),
(252, 252, ' https://img.discogs.com/IFlaPpYnDRpCp4m9WD49m20kPJA=/fit-in/600x599/filters:strip_icc():format(jpeg):mode_rgb():quality(90)/discogs-images/R-856870-1638910221-2125.jpeg.jpg', ' https://img.discogs.com/86H8E8Obf00gAaGbo7Mxos-B6YE=/fit-in/150x150/filters:strip_icc():format(jpeg):mode_rgb():quality(40)/discogs-images/R-856870-1638910221-2125.jpeg.jpg', '', 21),
(253, 253, ' https://img.discogs.com/b-2_WNL8e6jGf_am3cm-oRrKx94=/fit-in/600x509/filters:strip_icc():format(jpeg):mode_rgb():quality(90)/discogs-images/R-1637493-1495375836-7079.jpeg.jpg', ' https://img.discogs.com/N75ej08c3AOTEINwtBFAQ6u4KqI=/fit-in/150x150/filters:strip_icc():format(jpeg):mode_rgb():quality(40)/discogs-images/R-1637493-1495375836-7079.jpeg.jpg', '', 29),
(254, 254, ' https://img.discogs.com/ipDJ3n7CccOk7ZHP0hEkCDg7p5g=/fit-in/596x600/filters:strip_icc():format(jpeg):mode_rgb():quality(90)/discogs-images/R-2537596-1562417983-2046.jpeg.jpg', ' https://img.discogs.com/W0QPE9g4LXi5hqn1yTYB410B17c=/fit-in/150x150/filters:strip_icc():format(jpeg):mode_rgb():quality(40)/discogs-images/R-2537596-1562417983-2046.jpeg.jpg', '', 3),
(255, 255, ' https://img.discogs.com/bM6UIFFR7TYuPUsZjgitgaKVpds=/600x435/smart/filters:strip_icc():format(jpeg):mode_rgb():quality(90)/discogs-images/A-18839-1555854164-2387.jpeg.jpg', ' https://img.discogs.com/b5dvryVzzYIp6448Qsh7iNBQkaA=/150x150/smart/filters:strip_icc():format(jpeg):mode_rgb():quality(40)/discogs-images/A-18839-1555854164-2387.jpeg.jpg', '', 13),
(256, 256, ' https://img.discogs.com/Oqk7sqr8zhRAx4j6JdkyTD4fCrw=/fit-in/600x600/filters:strip_icc():format(jpeg):mode_rgb():quality(90)/discogs-images/R-75547-1580075275-7157.jpeg.jpg', ' https://img.discogs.com/c_eqe-ySOcvk-Boct2kSNmM41GM=/fit-in/150x150/filters:strip_icc():format(jpeg):mode_rgb():quality(40)/discogs-images/R-75547-1580075275-7157.jpeg.jpg', '', 19),
(257, 257, ' https://img.discogs.com/1KbPUYYUGxdb1mFgwB7HND_dKaU=/fit-in/600x593/filters:strip_icc():format(jpeg):mode_rgb():quality(90)/discogs-images/R-6981271-1513569493-5661.jpeg.jpg', ' https://img.discogs.com/uN-kDtjZwJF5CX3ph0cUnPikHv0=/fit-in/150x150/filters:strip_icc():format(jpeg):mode_rgb():quality(40)/discogs-images/R-6981271-1513569493-5661.jpeg.jpg', '', 40),
(258, 258, ' https://img.discogs.com/n1kgLrTbKUGZEH-UpLHhfuT2Vyw=/fit-in/599x599/filters:strip_icc():format(jpeg):mode_rgb():quality(90)/discogs-images/R-2022062-1398778499-2194.jpeg.jpg', ' https://img.discogs.com/4hXdzqB0c1uxpNl3fsWh45rwy_M=/fit-in/150x150/filters:strip_icc():format(jpeg):mode_rgb():quality(40)/discogs-images/R-2022062-1398778499-2194.jpeg.jpg', '', 8),
(259, 259, ' https://img.discogs.com/zJwQriQcBFguK_g9BbNt6gYaaA0=/fit-in/600x604/filters:strip_icc():format(jpeg):mode_rgb():quality(90)/discogs-images/R-427092-1283229493.jpeg.jpg', ' https://img.discogs.com/RgF1REA4-XrwU_o-Dxd5WN0iQvs=/fit-in/150x150/filters:strip_icc():format(jpeg):mode_rgb():quality(40)/discogs-images/R-427092-1283229493.jpeg.jpg', '', 44),
(260, 260, ' https://img.discogs.com/8XK5SLQPpx404mLeeB9kvrkAzRY=/fit-in/600x600/filters:strip_icc():format(jpeg):mode_rgb():quality(90)/discogs-images/R-626367-1315160375.jpeg.jpg', ' https://img.discogs.com/SbRFHwq9yIFrySL92wZb1le7_zI=/fit-in/150x150/filters:strip_icc():format(jpeg):mode_rgb():quality(40)/discogs-images/R-626367-1315160375.jpeg.jpg', '', 30),
(261, 261, ' https://img.discogs.com/9CkQVL3BHx5b5Yxjha8QDm_2Fug=/fit-in/500x500/filters:strip_icc():format(jpeg):mode_rgb():quality(90)/discogs-images/R-681945-1199403323.jpeg.jpg', ' https://img.discogs.com/HFyfogB1kl1hzw443mNpJlzwQPk=/fit-in/150x150/filters:strip_icc():format(jpeg):mode_rgb():quality(40)/discogs-images/R-681945-1199403323.jpeg.jpg', '', 16),
(262, 262, ' https://img.discogs.com/5PJUpklQcF-x101X1Jo75X4AI_Q=/600x839/smart/filters:strip_icc():format(jpeg):mode_rgb():quality(90)/discogs-images/A-236968-1581071113-9714.jpeg.jpg', ' https://img.discogs.com/fopEcmn7FVP7fHjXg0DnUQLALk0=/150x150/smart/filters:strip_icc():format(jpeg):mode_rgb():quality(40)/discogs-images/A-236968-1581071113-9714.jpeg.jpg', '', 11),
(263, 263, ' https://img.discogs.com/yHbY9j3TSgiARQc3Jrv9zb9TVnE=/fit-in/600x600/filters:strip_icc():format(jpeg):mode_rgb():quality(90)/discogs-images/R-761153-1307687791.jpeg.jpg', ' https://img.discogs.com/pnxlsS6U5MerfqHyGL0rNJ0GePU=/fit-in/150x150/filters:strip_icc():format(jpeg):mode_rgb():quality(40)/discogs-images/R-761153-1307687791.jpeg.jpg', '', 23),
(264, 264, ' https://img.discogs.com/JZcj94YjwFyTdzsQ4_YLZyQlw3g=/fit-in/600x600/filters:strip_icc():format(jpeg):mode_rgb():quality(90)/discogs-images/R-8684811-1469117715-3190.jpeg.jpg', ' https://img.discogs.com/uKL5ABggjQRy0bVTkaLpTC2NHzo=/fit-in/150x150/filters:strip_icc():format(jpeg):mode_rgb():quality(40)/discogs-images/R-8684811-1469117715-3190.jpeg.jpg', '', 16);
INSERT INTO `album` (`album_id`, `number`, `thumbnail`, `album_cover`, `track`, `year_id`) VALUES
(265, 265, ' https://img.discogs.com/5E1y1b8MBwPNyKvASmGYIcFRSLY=/fit-in/600x600/filters:strip_icc():format(jpeg):mode_rgb():quality(90)/discogs-images/R-3454564-1331009571.jpeg.jpg', ' https://img.discogs.com/jITGpSU2XinzqXyRhKEPt-S7D1g=/fit-in/150x150/filters:strip_icc():format(jpeg):mode_rgb():quality(40)/discogs-images/R-3454564-1331009571.jpeg.jpg', '', 10),
(266, 266, ' https://img.discogs.com/pQH9Xyhz-plGqxlkWpEY3YudU-w=/fit-in/600x600/filters:strip_icc():format(jpeg):mode_rgb():quality(90)/discogs-images/R-1431998-1221024602.jpeg.jpg', ' https://img.discogs.com/8VBZTjDoEhcT-Oasy2aHHaGFp5c=/fit-in/150x150/filters:strip_icc():format(jpeg):mode_rgb():quality(40)/discogs-images/R-1431998-1221024602.jpeg.jpg', '', 8),
(267, 267, ' https://img.discogs.com/lHBTyOsHfIJ9WJhssQ6_ro6BFyM=/fit-in/600x593/filters:strip_icc():format(jpeg):mode_rgb():quality(90)/discogs-images/R-1065082-1301129991.jpeg.jpg', ' https://img.discogs.com/kJzvdSk8zlXTu0qtV32H3kSeFh0=/fit-in/150x150/filters:strip_icc():format(jpeg):mode_rgb():quality(40)/discogs-images/R-1065082-1301129991.jpeg.jpg', '', 17),
(268, 268, ' https://img.discogs.com/gdUQnZYSMJRSQ-OsRKrQOKvVWnM=/fit-in/600x600/filters:strip_icc():format(jpeg):mode_rgb():quality(90)/discogs-images/R-1247699-1463256104-5077.jpeg.jpg', ' https://img.discogs.com/dgETBCa3a15-yEWecgTNpJv2yPk=/fit-in/150x150/filters:strip_icc():format(jpeg):mode_rgb():quality(40)/discogs-images/R-1247699-1463256104-5077.jpeg.jpg', '', 6),
(269, 269, ' https://img.discogs.com/tE60fMJ5MnEcRbdhmq9n4QfSQKk=/fit-in/600x611/filters:strip_icc():format(jpeg):mode_rgb():quality(90)/discogs-images/R-369883-1594750551-4786.jpeg.jpg', ' https://img.discogs.com/uGODmvsdNAWmidm5OGHDI43jKOc=/fit-in/150x150/filters:strip_icc():format(jpeg):mode_rgb():quality(40)/discogs-images/R-369883-1594750551-4786.jpeg.jpg', '', 40),
(270, 270, ' https://img.discogs.com/00Sm0o5rGaXH8yaLidAEUEilp4c=/fit-in/600x594/filters:strip_icc():format(jpeg):mode_rgb():quality(90)/discogs-images/R-3030024-1432304238-1421.jpeg.jpg', ' https://img.discogs.com/4ekHZw_W1RYAyoDXRBKlyqnRY2g=/fit-in/150x150/filters:strip_icc():format(jpeg):mode_rgb():quality(40)/discogs-images/R-3030024-1432304238-1421.jpeg.jpg', '', 30),
(271, 271, ' https://img.discogs.com/l93OWwEN2F17jHyz2qdSfDctA4E=/fit-in/600x600/filters:strip_icc():format(jpeg):mode_rgb():quality(90)/discogs-images/R-869037-1311191110.jpeg.jpg', ' https://img.discogs.com/gSr-K4YSTm8mts0YW0FPDfVO3rw=/fit-in/150x150/filters:strip_icc():format(jpeg):mode_rgb():quality(40)/discogs-images/R-869037-1311191110.jpeg.jpg', '', 4),
(272, 272, ' https://img.discogs.com/UgGjBty3Ue7Ulu16fd52BytVH-8=/fit-in/600x592/filters:strip_icc():format(jpeg):mode_rgb():quality(90)/discogs-images/R-462359-1250821088.jpeg.jpg', ' https://img.discogs.com/W42fEy_J_LOPBKBi7_-dWSdpSy0=/fit-in/150x150/filters:strip_icc():format(jpeg):mode_rgb():quality(40)/discogs-images/R-462359-1250821088.jpeg.jpg', '', 44),
(273, 273, ' https://img.discogs.com/TzNhkU0XR4uHxrQa4ADlAKDHckc=/400x391/smart/filters:strip_icc():format(jpeg):mode_rgb():quality(90)/discogs-images/A-86094-1619251146-3687.jpeg.jpg', ' https://img.discogs.com/IVbz-i4TTRLK8DDJXNr1eEqn9yI=/150x150/smart/filters:strip_icc():format(jpeg):mode_rgb():quality(40)/discogs-images/A-86094-1619251146-3687.jpeg.jpg', '', 3),
(274, 274, ' https://img.discogs.com/7Rge9EXhpISkIWeOhHFLUCtcStU=/fit-in/600x605/filters:strip_icc():format(jpeg):mode_rgb():quality(90)/discogs-images/R-19938169-1629529395-4187.jpeg.jpg', ' https://img.discogs.com/mYnCIu1Z8cW0ANMq2UGXSqujxRs=/fit-in/150x150/filters:strip_icc():format(jpeg):mode_rgb():quality(40)/discogs-images/R-19938169-1629529395-4187.jpeg.jpg', '', 35),
(275, 275, ' https://img.discogs.com/qg3QA6AT0-BSmLhCf7vKFd_gDvQ=/fit-in/500x500/filters:strip_icc():format(jpeg):mode_rgb():quality(90)/discogs-images/R-186451-1283620752.jpeg.jpg', ' https://img.discogs.com/4KEh1h389ahgz8t98uTKjt10mK4=/fit-in/150x150/filters:strip_icc():format(jpeg):mode_rgb():quality(40)/discogs-images/R-186451-1283620752.jpeg.jpg', '', 51),
(276, 276, ' https://img.discogs.com/Q4B_7F8uVhOSqw4TQO4ywBpVpAI=/fit-in/599x600/filters:strip_icc():format(jpeg):mode_rgb():quality(90)/discogs-images/R-3000728-1311119353.jpeg.jpg', ' https://img.discogs.com/TkXbEeg4RWHZTrC76ba2maF3bTc=/fit-in/150x150/filters:strip_icc():format(jpeg):mode_rgb():quality(40)/discogs-images/R-3000728-1311119353.jpeg.jpg', '', 12),
(277, 277, ' https://img.discogs.com/bZDNiHXQTKMLv7shKhJgT726M7M=/fit-in/600x595/filters:strip_icc():format(jpeg):mode_rgb():quality(90)/discogs-images/R-6303997-1416023953-8592.jpeg.jpg', ' https://img.discogs.com/2ilfh_pNkBUNS6XY7xMB-opIzbk=/fit-in/150x150/filters:strip_icc():format(jpeg):mode_rgb():quality(40)/discogs-images/R-6303997-1416023953-8592.jpeg.jpg', '', 43),
(278, 278, ' https://img.discogs.com/apEfA-UzdU0G2HaXHYmkQLK0UOo=/fit-in/596x600/filters:strip_icc():format(jpeg):mode_rgb():quality(90)/discogs-images/R-652964-1329594799.jpeg.jpg', ' https://img.discogs.com/WknHDKmh1J2UIIeikNPq-AnMPgk=/fit-in/150x150/filters:strip_icc():format(jpeg):mode_rgb():quality(40)/discogs-images/R-652964-1329594799.jpeg.jpg', '', 44),
(279, 279, ' https://img.discogs.com/TPh1mp5_UCWzQ5eE5_R7WgpZ_yk=/fit-in/550x550/filters:strip_icc():format(jpeg):mode_rgb():quality(90)/discogs-images/R-354906-1412775755-4012.jpeg.jpg', ' https://img.discogs.com/Vy06IIQhAzC7OflsePlw9UHXGZc=/fit-in/150x150/filters:strip_icc():format(jpeg):mode_rgb():quality(40)/discogs-images/R-354906-1412775755-4012.jpeg.jpg', '', 17),
(280, 280, ' https://img.discogs.com/yKVlju3t6_xaiAykXQb8En1T0NQ=/fit-in/600x600/filters:strip_icc():format(jpeg):mode_rgb():quality(90)/discogs-images/R-374348-1225454808.jpeg.jpg', ' https://img.discogs.com/zxx-xXU8DgKiqC40Jx_J5R8WCUM=/fit-in/150x150/filters:strip_icc():format(jpeg):mode_rgb():quality(40)/discogs-images/R-374348-1225454808.jpeg.jpg', '', 27),
(281, 281, ' https://img.discogs.com/LSUkkG8id_cr2_YTkqq-QS74o1I=/fit-in/400x400/filters:strip_icc():format(jpeg):mode_rgb():quality(90)/discogs-images/R-1827293-1296122551.jpeg.jpg', ' https://img.discogs.com/pObYqmOKuvrOF5do6ETZbYk4aaA=/fit-in/150x150/filters:strip_icc():format(jpeg):mode_rgb():quality(40)/discogs-images/R-1827293-1296122551.jpeg.jpg', '', 38),
(282, 282, ' https://img.discogs.com/F6qcoiXdQ19rD6tUwimq8rgpy4c=/fit-in/600x600/filters:strip_icc():format(jpeg):mode_rgb():quality(90)/discogs-images/R-4487456-1385477317-2414.jpeg.jpg', ' https://img.discogs.com/d_HK0bKJ4tNWlU77XTaiNlKXcx0=/fit-in/150x150/filters:strip_icc():format(jpeg):mode_rgb():quality(40)/discogs-images/R-4487456-1385477317-2414.jpeg.jpg', '', 25),
(283, 283, ' https://img.discogs.com/oen4jnBQxAgFbv97U74_fv_-j6w=/fit-in/600x600/filters:strip_icc():format(jpeg):mode_rgb():quality(90)/discogs-images/R-863997-1399911589-8778.jpeg.jpg', ' https://img.discogs.com/0OwRSRmc5vdzOK_F2is13ZngWX4=/fit-in/150x150/filters:strip_icc():format(jpeg):mode_rgb():quality(40)/discogs-images/R-863997-1399911589-8778.jpeg.jpg', '', 35),
(284, 284, ' https://img.discogs.com/08K0-JVC53WKp7e1FDxs8mYxHl8=/fit-in/600x600/filters:strip_icc():format(jpeg):mode_rgb():quality(90)/discogs-images/R-190219-1319054863.jpeg.jpg', ' https://img.discogs.com/XJaL2HP-FVkYyrvtRZT6pOk8koU=/fit-in/150x150/filters:strip_icc():format(jpeg):mode_rgb():quality(40)/discogs-images/R-190219-1319054863.jpeg.jpg', '', 30),
(285, 285, ' https://img.discogs.com/CjdWZgVIeV-HDN73IEO61TcfZBs=/fit-in/600x600/filters:strip_icc():format(jpeg):mode_rgb():quality(90)/discogs-images/R-638885-1261224432.jpeg.jpg', ' https://img.discogs.com/kNutFvS4TnX5msoVvi0dSHfJxKw=/fit-in/150x150/filters:strip_icc():format(jpeg):mode_rgb():quality(40)/discogs-images/R-638885-1261224432.jpeg.jpg', '', 6),
(286, 286, ' https://img.discogs.com/sOl2URrFLwUENWmfHql-PvZ82w4=/fit-in/600x597/filters:strip_icc():format(jpeg):mode_rgb():quality(90)/discogs-images/R-551010-1295560135.jpeg.jpg', ' https://img.discogs.com/op9S6wuDYGaKQNPiyGi2ya-OS7c=/fit-in/150x150/filters:strip_icc():format(jpeg):mode_rgb():quality(40)/discogs-images/R-551010-1295560135.jpeg.jpg', '', 6),
(287, 287, ' https://img.discogs.com/zpfHAMF23CmGGomOq1MVg-kSEf0=/fit-in/600x600/filters:strip_icc():format(jpeg):mode_rgb():quality(90)/discogs-images/R-458505-1381950347-1001.jpeg.jpg', ' https://img.discogs.com/sdTJvEASBmFECzfrypCF9D3mWY4=/fit-in/150x150/filters:strip_icc():format(jpeg):mode_rgb():quality(40)/discogs-images/R-458505-1381950347-1001.jpeg.jpg', '', 29),
(288, 288, ' https://img.discogs.com/PPFLCH0u9TLmjClttIfZarb7268=/fit-in/600x595/filters:strip_icc():format(jpeg):mode_rgb():quality(90)/discogs-images/R-4044231-1583093757-8816.jpeg.jpg', ' https://img.discogs.com/ncGqB-pPZVzOorwzC9Fmcseio8s=/fit-in/150x150/filters:strip_icc():format(jpeg):mode_rgb():quality(40)/discogs-images/R-4044231-1583093757-8816.jpeg.jpg', '', 8),
(289, 289, ' https://img.discogs.com/7jS8aeaH1N2tI1OJNpKxkbVmJPU=/fit-in/600x597/filters:strip_icc():format(jpeg):mode_rgb():quality(90)/discogs-images/R-599121-1551283238-2998.jpeg.jpg', ' https://img.discogs.com/TZe35tOiTeVqvFJFI8ioYDo7CTQ=/fit-in/150x150/filters:strip_icc():format(jpeg):mode_rgb():quality(40)/discogs-images/R-599121-1551283238-2998.jpeg.jpg', '', 2),
(290, 290, ' https://img.discogs.com/_w3o7lY8ARp38HqakF6ctIFpSO4=/fit-in/600x600/filters:strip_icc():format(jpeg):mode_rgb():quality(90)/discogs-images/R-551002-1508381456-6521.png.jpg', ' https://img.discogs.com/TgzMCUPH62UbFYpZ0YPcWmZJQrE=/fit-in/150x150/filters:strip_icc():format(jpeg):mode_rgb():quality(40)/discogs-images/R-551002-1508381456-6521.png.jpg', '', 17),
(291, 291, ' https://img.discogs.com/ZFNst0DULNcNz3X6C4N1tUSLeLg=/fit-in/400x399/filters:strip_icc():format(jpeg):mode_rgb():quality(90)/discogs-images/R-192870-1209765498.jpeg.jpg', ' https://img.discogs.com/ucDq7sJoWv1THK3t3oHppIuJnFg=/fit-in/150x150/filters:strip_icc():format(jpeg):mode_rgb():quality(40)/discogs-images/R-192870-1209765498.jpeg.jpg', '', 19),
(292, 292, ' https://img.discogs.com/VutXr5GDQuRfVPAL7lPOKTOVe8k=/fit-in/600x600/filters:strip_icc():format(jpeg):mode_rgb():quality(90)/discogs-images/R-2012979-1258510467.jpeg.jpg', ' https://img.discogs.com/GNjtijQR1uqLfLN6wHs2huUaQj8=/fit-in/150x150/filters:strip_icc():format(jpeg):mode_rgb():quality(40)/discogs-images/R-2012979-1258510467.jpeg.jpg', '', 12),
(293, 293, ' https://img.discogs.com/bAWOMcWi4l6FhtaY7f6gPvsT9A8=/fit-in/600x598/filters:strip_icc():format(jpeg):mode_rgb():quality(90)/discogs-images/R-372030-1589295354-7677.jpeg.jpg', ' https://img.discogs.com/gNl65oG0P53BSzCQ5VrrdwFMWoA=/fit-in/150x150/filters:strip_icc():format(jpeg):mode_rgb():quality(40)/discogs-images/R-372030-1589295354-7677.jpeg.jpg', '', 8),
(294, 294, ' https://img.discogs.com/Mx0eCzs84-Jg5rSshh-eMY-hVRo=/fit-in/600x600/filters:strip_icc():format(jpeg):mode_rgb():quality(90)/discogs-images/R-6354742-1481975351-3518.jpeg.jpg', ' https://img.discogs.com/PhOvTZSFEI9cMQuoxrC7SijPvkI=/fit-in/150x150/filters:strip_icc():format(jpeg):mode_rgb():quality(40)/discogs-images/R-6354742-1481975351-3518.jpeg.jpg', '', 11),
(295, 295, ' https://img.discogs.com/0PZzhj_q0tCiQRa-WBgp2_UwQRk=/fit-in/600x600/filters:strip_icc():format(jpeg):mode_rgb():quality(90)/discogs-images/R-483725-1124699640.jpg.jpg', ' https://img.discogs.com/VQIlAbRAmXLB-rLf4FQS7simnu0=/fit-in/150x150/filters:strip_icc():format(jpeg):mode_rgb():quality(40)/discogs-images/R-483725-1124699640.jpg.jpg', '', 16),
(296, 296, ' https://img.discogs.com/ANqTIc4unjZcPPOhde2zjCwUDTw=/fit-in/596x600/filters:strip_icc():format(jpeg):mode_rgb():quality(90)/discogs-images/R-373240-1189712644.jpeg.jpg', ' https://img.discogs.com/DUTOImMn16DwvKkXleePyZ7QOR8=/fit-in/150x150/filters:strip_icc():format(jpeg):mode_rgb():quality(40)/discogs-images/R-373240-1189712644.jpeg.jpg', '', 40),
(297, 297, ' https://img.discogs.com/GMjinVO5OphGIrRv8my76IxvKeM=/fit-in/600x621/filters:strip_icc():format(jpeg):mode_rgb():quality(90)/discogs-images/R-431258-1555180605-3633.jpeg.jpg', ' https://img.discogs.com/3DWuy65htrZi40BJGlpCvgD0d_Q=/fit-in/150x150/filters:strip_icc():format(jpeg):mode_rgb():quality(40)/discogs-images/R-431258-1555180605-3633.jpeg.jpg', '', 8),
(298, 298, ' https://img.discogs.com/yprttJEyVyr6sqiVi_BP82Ev_AM=/fit-in/600x600/filters:strip_icc():format(jpeg):mode_rgb():quality(90)/discogs-images/R-233445-1584479472-5671.jpeg.jpg', ' https://img.discogs.com/mlzlStd7qbzMsnUGe6ILtdiHWF8=/fit-in/150x150/filters:strip_icc():format(jpeg):mode_rgb():quality(40)/discogs-images/R-233445-1584479472-5671.jpeg.jpg', '', 33),
(299, 299, ' https://img.discogs.com/On3JPilJvJfq5uTOVWaLudqPAVA=/fit-in/600x589/filters:strip_icc():format(jpeg):mode_rgb():quality(90)/discogs-images/R-368184-1384978619-8293.jpeg.jpg', ' https://img.discogs.com/pQTbqSb2WQHRntvR5bVn2hI7Iuw=/fit-in/150x150/filters:strip_icc():format(jpeg):mode_rgb():quality(40)/discogs-images/R-368184-1384978619-8293.jpeg.jpg', '', 38),
(300, 300, ' https://img.discogs.com/GavMVSOdfS25zDI24QHBiaY-M9M=/fit-in/597x600/filters:strip_icc():format(jpeg):mode_rgb():quality(90)/discogs-images/R-590773-1330568156.jpeg.jpg', ' https://img.discogs.com/GgETKlWM4y1I0C1X9hM4UB5bNNc=/fit-in/150x150/filters:strip_icc():format(jpeg):mode_rgb():quality(40)/discogs-images/R-590773-1330568156.jpeg.jpg', '', 5),
(301, 301, ' https://img.discogs.com/y0JWr7oKRXKl2gZtPz7VpQy0VLs=/fit-in/600x600/filters:strip_icc():format(jpeg):mode_rgb():quality(90)/discogs-images/R-3022079-1380481250-7043.jpeg.jpg', ' https://img.discogs.com/YumsI2gdrnyl-wTQUMxObs3BEVY=/fit-in/150x150/filters:strip_icc():format(jpeg):mode_rgb():quality(40)/discogs-images/R-3022079-1380481250-7043.jpeg.jpg', '', 5),
(302, 302, ' https://img.discogs.com/QyF6Pr86ahv0Gi2Hh9XCt_wOtAM=/fit-in/598x588/filters:strip_icc():format(jpeg):mode_rgb():quality(90)/discogs-images/R-78957-1206530921.jpeg.jpg', ' https://img.discogs.com/tiSgKQXy1z7IH8tGaQBiX0g5BnY=/fit-in/150x150/filters:strip_icc():format(jpeg):mode_rgb():quality(40)/discogs-images/R-78957-1206530921.jpeg.jpg', '', 15),
(303, 303, ' https://img.discogs.com/s8QjKvx5JYMvpwBrleCDqbwrUFg=/fit-in/600x606/filters:strip_icc():format(jpeg):mode_rgb():quality(90)/discogs-images/R-5375007-1588159147-5113.jpeg.jpg', ' https://img.discogs.com/C70RydpsqWnWDjKkrCxPAJU_V7Y=/fit-in/150x150/filters:strip_icc():format(jpeg):mode_rgb():quality(40)/discogs-images/R-5375007-1588159147-5113.jpeg.jpg', '', 2),
(304, 304, ' https://img.discogs.com/yJ06_o-pLnSuqAGTjWeSWXXHVKE=/fit-in/600x593/filters:strip_icc():format(jpeg):mode_rgb():quality(90)/discogs-images/R-378673-1355331945-6071.jpeg.jpg', ' https://img.discogs.com/SUtap-dlvy7bw4F9YJddDi8OBa8=/fit-in/150x150/filters:strip_icc():format(jpeg):mode_rgb():quality(40)/discogs-images/R-378673-1355331945-6071.jpeg.jpg', '', 38),
(305, 305, ' https://img.discogs.com/G_VR6tZYEaeli8ZHP59Ob11PPVo=/fit-in/600x600/filters:strip_icc():format(jpeg):mode_rgb():quality(90)/discogs-images/R-1484789-1265773290.jpeg.jpg', ' https://img.discogs.com/5l9wv1cQyT13982l7TsVXR62V50=/fit-in/150x150/filters:strip_icc():format(jpeg):mode_rgb():quality(40)/discogs-images/R-1484789-1265773290.jpeg.jpg', '', 46),
(306, 306, ' https://img.discogs.com/3LG0qOpVcC_2K-UBjHon-Tt0PSw=/fit-in/600x597/filters:strip_icc():format(jpeg):mode_rgb():quality(90)/discogs-images/R-9168171-1476734078-8475.jpeg.jpg', ' https://img.discogs.com/rJU7nW452jFy-fwCh-ggVTewxe4=/fit-in/150x150/filters:strip_icc():format(jpeg):mode_rgb():quality(40)/discogs-images/R-9168171-1476734078-8475.jpeg.jpg', '', 53),
(307, 307, ' https://img.discogs.com/oYEokRR2wH7BKh46tx8MOv8EcME=/fit-in/593x595/filters:strip_icc():format(jpeg):mode_rgb():quality(90)/discogs-images/R-4953644-1391695856-1514.jpeg.jpg', ' https://img.discogs.com/RoWMe8fneYEE0T24gnT48u0m52M=/fit-in/150x150/filters:strip_icc():format(jpeg):mode_rgb():quality(40)/discogs-images/R-4953644-1391695856-1514.jpeg.jpg', '', 25),
(308, 308, ' https://img.discogs.com/j782DtROB95spsfSrYmN2dQnu2M=/fit-in/600x596/filters:strip_icc():format(jpeg):mode_rgb():quality(90)/discogs-images/R-2018290-1478425910-6596.jpeg.jpg', ' https://img.discogs.com/j-8hKrPr7YJFRvtB2aI7xeEZqNI=/fit-in/150x150/filters:strip_icc():format(jpeg):mode_rgb():quality(40)/discogs-images/R-2018290-1478425910-6596.jpeg.jpg', '', 26),
(309, 309, ' https://img.discogs.com/z_Ovw-qqyMbfo_HxKWlDprCDqYM=/fit-in/600x600/filters:strip_icc():format(jpeg):mode_rgb():quality(90)/discogs-images/R-1331703-1225636130.jpeg.jpg', ' https://img.discogs.com/8llJotNSBOBvg0F18x5y2Zej34s=/fit-in/150x150/filters:strip_icc():format(jpeg):mode_rgb():quality(40)/discogs-images/R-1331703-1225636130.jpeg.jpg', '', 11),
(310, 310, ' https://img.discogs.com/cHzn2dQMlZbZSFYtGjc5wjSF2TU=/fit-in/600x591/filters:strip_icc():format(jpeg):mode_rgb():quality(90)/discogs-images/R-1119354-1539367025-8794.jpeg.jpg', ' https://img.discogs.com/aq8g0t6scBCHMLP_20ckEFaY6p4=/fit-in/150x150/filters:strip_icc():format(jpeg):mode_rgb():quality(40)/discogs-images/R-1119354-1539367025-8794.jpeg.jpg', '', 13),
(311, 311, ' https://img.discogs.com/vYWWTyFWB-cphpXztGx4zUsvskU=/fit-in/600x1106/filters:strip_icc():format(jpeg):mode_rgb():quality(90)/discogs-images/R-3804489-1438462267-1007.jpeg.jpg', ' https://img.discogs.com/nEbSgHhHAV3SWWxquKCjNZqUf5U=/fit-in/150x150/filters:strip_icc():format(jpeg):mode_rgb():quality(40)/discogs-images/R-3804489-1438462267-1007.jpeg.jpg', '', 38),
(312, 312, ' https://img.discogs.com/zhv8P2bUHpc3iDnKKtQ5qvy6hDg=/fit-in/300x300/filters:strip_icc():format(jpeg):mode_rgb():quality(90)/discogs-images/R-532610-1138250241.jpeg.jpg', ' https://img.discogs.com/8kAAbgKm3ad6I70yBwRv7LochQU=/fit-in/150x150/filters:strip_icc():format(jpeg):mode_rgb():quality(40)/discogs-images/R-532610-1138250241.jpeg.jpg', '', 23),
(313, 313, ' https://img.discogs.com/7Ca9uYDqr5owofY_ck6hbnvzSyk=/fit-in/600x603/filters:strip_icc():format(jpeg):mode_rgb():quality(90)/discogs-images/R-1836201-1448835006-8516.jpeg.jpg', ' https://img.discogs.com/fIIHfYAol3Lq2S7eHqE98tDTCsY=/fit-in/150x150/filters:strip_icc():format(jpeg):mode_rgb():quality(40)/discogs-images/R-1836201-1448835006-8516.jpeg.jpg', '', 38),
(314, 314, ' https://img.discogs.com/CTg4315jjTtj8m-DrlrenypZDEc=/fit-in/590x600/filters:strip_icc():format(jpeg):mode_rgb():quality(90)/discogs-images/R-227020-1301243535.jpeg.jpg', ' https://img.discogs.com/sr2Hj92ce3n4ZOQM3PowstOyLzA=/fit-in/150x150/filters:strip_icc():format(jpeg):mode_rgb():quality(40)/discogs-images/R-227020-1301243535.jpeg.jpg', '', 46),
(315, 315, ' https://img.discogs.com/jdaOecl1Lg3JZGpeJ7WJ1Ec-agI=/fit-in/600x600/filters:strip_icc():format(jpeg):mode_rgb():quality(90)/discogs-images/R-1024395-1319780626.jpeg.jpg', ' https://img.discogs.com/GB67mTMSZmiCvFMeWq6Qlcl8gRY=/fit-in/150x150/filters:strip_icc():format(jpeg):mode_rgb():quality(40)/discogs-images/R-1024395-1319780626.jpeg.jpg', '', 7),
(316, 316, ' https://img.discogs.com/AD8KNCvyCpmBQrQ0FI6FIj878Ak=/600x250/smart/filters:strip_icc():format(jpeg):mode_rgb():quality(90)/discogs-images/A-39766-1620457330-8737.jpeg.jpg', ' https://img.discogs.com/7x2fcrnkDXyYWMCKvHJk-CMl2jQ=/150x150/smart/filters:strip_icc():format(jpeg):mode_rgb():quality(40)/discogs-images/A-39766-1620457330-8737.jpeg.jpg', '', 11),
(317, 317, ' https://img.discogs.com/DGoTRv3sOyttjJO1Bvh1n_bSvuM=/fit-in/600x600/filters:strip_icc():format(jpeg):mode_rgb():quality(90)/discogs-images/R-371355-1252316823.jpeg.jpg', ' https://img.discogs.com/aaE3Lh2qH4s_qQpPfG_DuCQLG_c=/fit-in/150x150/filters:strip_icc():format(jpeg):mode_rgb():quality(40)/discogs-images/R-371355-1252316823.jpeg.jpg', '', 23),
(318, 318, ' https://img.discogs.com/wP6a9_ZhWys8FeKhut4nDVzCIEw=/fit-in/600x623/filters:strip_icc():format(jpeg):mode_rgb():quality(90)/discogs-images/R-436121-1554755077-8874.jpeg.jpg', ' https://img.discogs.com/IdWVf9bJluAdfStCOVovQefGpi4=/fit-in/150x150/filters:strip_icc():format(jpeg):mode_rgb():quality(40)/discogs-images/R-436121-1554755077-8874.jpeg.jpg', '', 6),
(319, 319, ' https://img.discogs.com/n_JFgUkLqa0MhZzA61xV6t1NcBY=/fit-in/600x600/filters:strip_icc():format(jpeg):mode_rgb():quality(90)/discogs-images/R-550415-1460132203-1462.jpeg.jpg', ' https://img.discogs.com/78hal14IMe7vOhq6an4RX40jGp0=/fit-in/150x150/filters:strip_icc():format(jpeg):mode_rgb():quality(40)/discogs-images/R-550415-1460132203-1462.jpeg.jpg', '', 17),
(320, 320, ' https://img.discogs.com/GVZL5ec4Lkwe5FQHqV_ECYp6nn4=/fit-in/600x600/filters:strip_icc():format(jpeg):mode_rgb():quality(90)/discogs-images/R-267133-1246917437.jpeg.jpg', ' https://img.discogs.com/eTH6YC8TfNC05CYheRK66RbcVgI=/fit-in/150x150/filters:strip_icc():format(jpeg):mode_rgb():quality(40)/discogs-images/R-267133-1246917437.jpeg.jpg', '', 21),
(321, 321, ' https://img.discogs.com/Z7jExaRgjw_gKxYdKN4BS1Fw2vk=/fit-in/600x588/filters:strip_icc():format(jpeg):mode_rgb():quality(90)/discogs-images/R-1356775-1431958766-9654.jpeg.jpg', ' https://img.discogs.com/R_3ntQDYGV6VR-MVXO-NX7WioPU=/fit-in/150x150/filters:strip_icc():format(jpeg):mode_rgb():quality(40)/discogs-images/R-1356775-1431958766-9654.jpeg.jpg', '', 6),
(322, 322, ' https://img.discogs.com/fkjQVRNNyDAER_tQ2PYARmKOyts=/fit-in/598x600/filters:strip_icc():format(jpeg):mode_rgb():quality(90)/discogs-images/R-7555164-1529638383-4564.jpeg.jpg', ' https://img.discogs.com/CmKmjRIykdjmD6jkfqo9cp7gvkQ=/fit-in/150x150/filters:strip_icc():format(jpeg):mode_rgb():quality(40)/discogs-images/R-7555164-1529638383-4564.jpeg.jpg', '', 6),
(323, 323, ' https://img.discogs.com/ABr-MY3UZyuFlu1toRKs9O35bOk=/fit-in/600x594/filters:strip_icc():format(jpeg):mode_rgb():quality(90)/discogs-images/R-1606397-1610544474-7841.jpeg.jpg', ' https://img.discogs.com/-hAV0C621VK4xrnKdKaOnzopM0U=/fit-in/150x150/filters:strip_icc():format(jpeg):mode_rgb():quality(40)/discogs-images/R-1606397-1610544474-7841.jpeg.jpg', '', 49),
(324, 324, ' https://img.discogs.com/1lyZbQX7VuGAX7Ql-qGSh7nAlds=/fit-in/600x600/filters:strip_icc():format(jpeg):mode_rgb():quality(90)/discogs-images/R-4425540-1374431583-4982.jpeg.jpg', ' https://img.discogs.com/-w6L4AKnFHNWZBFtY_8LYGPr9oY=/fit-in/150x150/filters:strip_icc():format(jpeg):mode_rgb():quality(40)/discogs-images/R-4425540-1374431583-4982.jpeg.jpg', '', 9),
(325, 325, ' https://img.discogs.com/jzqdufddGnmXTZ8J5nLzu9mKgqo=/fit-in/600x600/filters:strip_icc():format(jpeg):mode_rgb():quality(90)/discogs-images/R-732881-1164028651.jpeg.jpg', ' https://img.discogs.com/r4i4Xo_HbzSndjfr0U8fI_UquWA=/fit-in/150x150/filters:strip_icc():format(jpeg):mode_rgb():quality(40)/discogs-images/R-732881-1164028651.jpeg.jpg', '', 19),
(326, 326, ' https://img.discogs.com/5zu3AYWE4vSEzz4SjuqLQ66Sf_g=/fit-in/597x595/filters:strip_icc():format(jpeg):mode_rgb():quality(90)/discogs-images/R-264583-1172426181.jpeg.jpg', ' https://img.discogs.com/TCv1BeV8n1dncrEWAk4KDlj-dDE=/fit-in/150x150/filters:strip_icc():format(jpeg):mode_rgb():quality(40)/discogs-images/R-264583-1172426181.jpeg.jpg', '', 43),
(327, 327, ' https://img.discogs.com/RaTiCIs7-bebXIMrK2jXJrXeBhM=/fit-in/598x592/filters:strip_icc():format(jpeg):mode_rgb():quality(90)/discogs-images/R-387600-1193765565.jpeg.jpg', ' https://img.discogs.com/iegV8iJAUat-VKV0kvdHJcLdq4o=/fit-in/150x150/filters:strip_icc():format(jpeg):mode_rgb():quality(40)/discogs-images/R-387600-1193765565.jpeg.jpg', '', 52),
(328, 328, ' https://img.discogs.com/romF60vGFmnwRuLWEBRfvzHRp18=/fit-in/600x600/filters:strip_icc():format(jpeg):mode_rgb():quality(90)/discogs-images/R-1352572-1541977552-4962.jpeg.jpg', ' https://img.discogs.com/RXSQ_reJf7238KC0vFfcH_ogOZc=/fit-in/150x150/filters:strip_icc():format(jpeg):mode_rgb():quality(40)/discogs-images/R-1352572-1541977552-4962.jpeg.jpg', '', 23),
(329, 329, ' https://img.discogs.com/I2-DpqMv0l2KpbodNzjnJcme3K0=/fit-in/600x600/filters:strip_icc():format(jpeg):mode_rgb():quality(90)/discogs-images/R-606644-1234694512.jpeg.jpg', ' https://img.discogs.com/jBDH-_stz0XEDIxLS4aj7sTKG_k=/fit-in/150x150/filters:strip_icc():format(jpeg):mode_rgb():quality(40)/discogs-images/R-606644-1234694512.jpeg.jpg', '', 28),
(330, 330, ' https://img.discogs.com/UyTL1t15aaEZF_FIBNA7STSViV8=/fit-in/600x600/filters:strip_icc():format(jpeg):mode_rgb():quality(90)/discogs-images/R-1273539-1215200268.jpeg.jpg', ' https://img.discogs.com/kl1jlC5dXF049dsFDX2n7CghQlE=/fit-in/150x150/filters:strip_icc():format(jpeg):mode_rgb():quality(40)/discogs-images/R-1273539-1215200268.jpeg.jpg', '', 12),
(331, 331, ' https://img.discogs.com/nKp-vnKrjv67JVtT3z6rFYyngGI=/fit-in/600x600/filters:strip_icc():format(jpeg):mode_rgb():quality(90)/discogs-images/R-735564-1622054964-1729.jpeg.jpg', ' https://img.discogs.com/m0JB3GUtKvc0XgeyUXOqb3baN3A=/fit-in/150x150/filters:strip_icc():format(jpeg):mode_rgb():quality(40)/discogs-images/R-735564-1622054964-1729.jpeg.jpg', '', 4),
(332, 332, ' https://img.discogs.com/0UhHt32l5jBExbG8OGM1sigB0XQ=/fit-in/595x600/filters:strip_icc():format(jpeg):mode_rgb():quality(90)/discogs-images/R-1005589-1413626931-1896.jpeg.jpg', ' https://img.discogs.com/VEk5uIX4Hq-ClTOVRK7_s_I7sQg=/fit-in/150x150/filters:strip_icc():format(jpeg):mode_rgb():quality(40)/discogs-images/R-1005589-1413626931-1896.jpeg.jpg', '', 14),
(333, 333, ' https://img.discogs.com/CwyfKPEKbc2qA0_oKTpBSIHd0x4=/fit-in/600x600/filters:strip_icc():format(jpeg):mode_rgb():quality(90)/discogs-images/R-853977-1381952141-4447.jpeg.jpg', ' https://img.discogs.com/cXFDotyVL3OvuCU91NfyzpAkO2c=/fit-in/150x150/filters:strip_icc():format(jpeg):mode_rgb():quality(40)/discogs-images/R-853977-1381952141-4447.jpeg.jpg', '', 49),
(334, 334, ' https://img.discogs.com/p8ejtw_zlvcH9zH9eQRBMBqTE_Y=/600x400/smart/filters:strip_icc():format(jpeg):mode_rgb():quality(90)/discogs-images/A-289622-1630842066-1218.jpeg.jpg', ' https://img.discogs.com/unedRQL3ORZB_I3kB0uXN2mwDms=/150x150/smart/filters:strip_icc():format(jpeg):mode_rgb():quality(40)/discogs-images/A-289622-1630842066-1218.jpeg.jpg', '', 7),
(335, 335, ' https://img.discogs.com/rzdXxQfP-ucbeeRgRXFR5DbItfE=/fit-in/599x599/filters:strip_icc():format(jpeg):mode_rgb():quality(90)/discogs-images/R-409348-1150567266.jpeg.jpg', ' https://img.discogs.com/LC26ENDDVbon-Z78lqXH7TN91_o=/fit-in/150x150/filters:strip_icc():format(jpeg):mode_rgb():quality(40)/discogs-images/R-409348-1150567266.jpeg.jpg', '', 38),
(336, 336, ' https://img.discogs.com/omECGW3Dpn8yf8OT-_TXLsw-lq4=/600x400/smart/filters:strip_icc():format(jpeg):mode_rgb():quality(90)/discogs-images/A-3840-1462781416-2615.jpeg.jpg', ' https://img.discogs.com/56vWHaCXZujmgenWrhHhGkdpm-g=/150x150/smart/filters:strip_icc():format(jpeg):mode_rgb():quality(40)/discogs-images/A-3840-1462781416-2615.jpeg.jpg', '', 54),
(337, 337, ' https://img.discogs.com/tnEqmcyhhKwA-JaGUFXWDuzu1Vg=/fit-in/600x592/filters:strip_icc():format(jpeg):mode_rgb():quality(90)/discogs-images/R-708318-1586624955-5477.jpeg.jpg', ' https://img.discogs.com/GIxukl7wjhj371aPSAa3upoIt64=/fit-in/150x150/filters:strip_icc():format(jpeg):mode_rgb():quality(40)/discogs-images/R-708318-1586624955-5477.jpeg.jpg', '', 5),
(338, 338, ' https://img.discogs.com/xdTD3t3umdDoPN_Lt_ayqfFecRo=/fit-in/425x92/filters:strip_icc():format(jpeg):mode_rgb():quality(90)/discogs-images/L-34032-1192157404.jpeg.jpg', ' https://img.discogs.com/_AsIGWzOFVAaCUv-E1fzjxLwXbI=/fit-in/150x150/filters:strip_icc():format(jpeg):mode_rgb():quality(40)/discogs-images/L-34032-1192157404.jpeg.jpg', '', 8),
(339, 339, ' https://img.discogs.com/9ATWXKbOeeKDmuOeaCGP-3N4CPE=/fit-in/600x595/filters:strip_icc():format(jpeg):mode_rgb():quality(90)/discogs-images/R-13779806-1560954595-9687.png.jpg', ' https://img.discogs.com/BfpbeXWV1vY4VXha3sDunLzRnb8=/fit-in/150x150/filters:strip_icc():format(jpeg):mode_rgb():quality(40)/discogs-images/R-13779806-1560954595-9687.png.jpg', '', 35),
(340, 340, ' https://img.discogs.com/uLfvgl8Q1DVYiTajOGlRzi5fOyQ=/fit-in/600x602/filters:strip_icc():format(jpeg):mode_rgb():quality(90)/discogs-images/R-581152-1568041765-8786.jpeg.jpg', ' https://img.discogs.com/kp80wWlhZHPrkvTeIBd-IMXeSzg=/fit-in/150x150/filters:strip_icc():format(jpeg):mode_rgb():quality(40)/discogs-images/R-581152-1568041765-8786.jpeg.jpg', '', 49),
(341, 341, ' https://img.discogs.com/g4f68eFuMyn7rp402zUr44DoWh0=/600x509/smart/filters:strip_icc():format(jpeg):mode_rgb():quality(90)/discogs-images/A-1031-1500201712-1208.jpeg.jpg', ' https://img.discogs.com/9I31m3X2tb7Hux_Q73ri3vEFVeU=/150x150/smart/filters:strip_icc():format(jpeg):mode_rgb():quality(40)/discogs-images/A-1031-1500201712-1208.jpeg.jpg', '', 51),
(342, 342, ' https://img.discogs.com/IykOnvNFi4mh_8IYimkKGgvJR6o=/600x734/smart/filters:strip_icc():format(jpeg):mode_rgb():quality(90)/discogs-images/A-2725-1476771285-8296.jpeg.jpg', ' https://img.discogs.com/YSaarlojo8n_zoeK5FMtxxGYcho=/150x150/smart/filters:strip_icc():format(jpeg):mode_rgb():quality(40)/discogs-images/A-2725-1476771285-8296.jpeg.jpg', '', 15),
(343, 343, ' https://img.discogs.com/Jpw2UQaRb-foBrhM2aTrXho33As=/fit-in/593x600/filters:strip_icc():format(jpeg):mode_rgb():quality(90)/discogs-images/R-11858130-1523809299-9011.jpeg.jpg', ' https://img.discogs.com/Uu25eTYcBdxgClHQtBMvCoI3lok=/fit-in/150x150/filters:strip_icc():format(jpeg):mode_rgb():quality(40)/discogs-images/R-11858130-1523809299-9011.jpeg.jpg', '', 19),
(344, 344, ' https://img.discogs.com/X9JavbxfLReAdRsXNv7HucFyHPE=/fit-in/600x599/filters:strip_icc():format(jpeg):mode_rgb():quality(90)/discogs-images/R-844527-1431709769-8514.jpeg.jpg', ' https://img.discogs.com/7oZaOMiHQMuvuBKz-iZVh0oNpQY=/fit-in/150x150/filters:strip_icc():format(jpeg):mode_rgb():quality(40)/discogs-images/R-844527-1431709769-8514.jpeg.jpg', '', 17),
(345, 345, ' https://img.discogs.com/tIeZBpVZKdCj6KAkEI_4DkcFN_Y=/fit-in/600x592/filters:strip_icc():format(jpeg):mode_rgb():quality(90)/discogs-images/R-266652-1573705261-3717.jpeg.jpg', ' https://img.discogs.com/yESlmY-cz0LD0nUmdW7OwelfzeM=/fit-in/150x150/filters:strip_icc():format(jpeg):mode_rgb():quality(40)/discogs-images/R-266652-1573705261-3717.jpeg.jpg', '', 22),
(346, 346, ' https://img.discogs.com/8WnMGZ5cvUaZf5Lg8IS8KgFkemA=/fit-in/599x593/filters:strip_icc():format(jpeg):mode_rgb():quality(90)/discogs-images/R-1005555-1248464166.jpeg.jpg', ' https://img.discogs.com/q9wkRdo5s2mHSVLeRr44S7YFRQk=/fit-in/150x150/filters:strip_icc():format(jpeg):mode_rgb():quality(40)/discogs-images/R-1005555-1248464166.jpeg.jpg', '', 43),
(347, 347, ' https://img.discogs.com/rdbf6SmrJVUerKTCN26_d5Y17BM=/fit-in/600x596/filters:strip_icc():format(jpeg):mode_rgb():quality(90)/discogs-images/R-2901203-1607185949-1431.jpeg.jpg', ' https://img.discogs.com/aDWdDReaKvWCgLRszoYJwxRes_8=/fit-in/150x150/filters:strip_icc():format(jpeg):mode_rgb():quality(40)/discogs-images/R-2901203-1607185949-1431.jpeg.jpg', '', 2),
(348, 348, ' https://img.discogs.com/mFvKI2Avi3EfQfXik1EHyuQLL5Y=/fit-in/597x600/filters:strip_icc():format(jpeg):mode_rgb():quality(90)/discogs-images/R-5576730-1397145999-5528.jpeg.jpg', ' https://img.discogs.com/CC3F7xKDFo6AGIt3Fag3HGKc1mI=/fit-in/150x150/filters:strip_icc():format(jpeg):mode_rgb():quality(40)/discogs-images/R-5576730-1397145999-5528.jpeg.jpg', '', 37),
(349, 349, ' https://img.discogs.com/rXYKZWUekwOiQg7n513C_EHQyn0=/fit-in/600x600/filters:strip_icc():format(jpeg):mode_rgb():quality(90)/discogs-images/R-259432-1470409847-8596.png.jpg', ' https://img.discogs.com/P1djipd25iEEHoWfKspHoSNVHxg=/fit-in/150x150/filters:strip_icc():format(jpeg):mode_rgb():quality(40)/discogs-images/R-259432-1470409847-8596.png.jpg', '', 33),
(350, 350, ' https://img.discogs.com/TxOHDD_UfbjNjVcDW12CNhhPlM0=/fit-in/600x602/filters:strip_icc():format(jpeg):mode_rgb():quality(90)/discogs-images/R-15837037-1601656193-6996.jpeg.jpg', ' https://img.discogs.com/XGhdbwY-Tc5F02SCrgfEk_rRCQE=/fit-in/150x150/filters:strip_icc():format(jpeg):mode_rgb():quality(40)/discogs-images/R-15837037-1601656193-6996.jpeg.jpg', '', 3),
(351, 351, ' https://img.discogs.com/fPM-tkaursYErF2t0705Gj6sCgE=/fit-in/600x599/filters:strip_icc():format(jpeg):mode_rgb():quality(90)/discogs-images/R-1657174-1235574215.jpeg.jpg', ' https://img.discogs.com/Bgrobx5IQPUtskLeiV35IGm72k8=/fit-in/150x150/filters:strip_icc():format(jpeg):mode_rgb():quality(40)/discogs-images/R-1657174-1235574215.jpeg.jpg', '', 7),
(352, 352, ' https://img.discogs.com/s0knbsCmQLA7LsoOqjpP8jYtqAQ=/fit-in/600x602/filters:strip_icc():format(jpeg):mode_rgb():quality(90)/discogs-images/R-382417-1576759900-7863.jpeg.jpg', ' https://img.discogs.com/K0uphN21jZXePkT8K4NHSm2T8UQ=/fit-in/150x150/filters:strip_icc():format(jpeg):mode_rgb():quality(40)/discogs-images/R-382417-1576759900-7863.jpeg.jpg', '', 40),
(353, 353, ' https://img.discogs.com/y9XdMKENdaPkyhNXqQrsbDoy7Og=/fit-in/600x600/filters:strip_icc():format(jpeg):mode_rgb():quality(90)/discogs-images/R-2606952-1584479562-1967.jpeg.jpg', ' https://img.discogs.com/-4Tw4i6wpwFBoZvyuhtmQB-tKho=/fit-in/150x150/filters:strip_icc():format(jpeg):mode_rgb():quality(40)/discogs-images/R-2606952-1584479562-1967.jpeg.jpg', '', 55),
(354, 354, ' https://img.discogs.com/bebEvIHKMbzVZyJN99NSn9hzFCs=/fit-in/600x601/filters:strip_icc():format(jpeg):mode_rgb():quality(90)/discogs-images/R-7403788-1535913134-1915.jpeg.jpg', ' https://img.discogs.com/EbwjcJ2a7e2Av0tMxhtCJ99quok=/fit-in/150x150/filters:strip_icc():format(jpeg):mode_rgb():quality(40)/discogs-images/R-7403788-1535913134-1915.jpeg.jpg', '', 30),
(355, 355, ' https://img.discogs.com/IG87Jd99HVWNU9qjhqsjrXru4JE=/fit-in/600x600/filters:strip_icc():format(jpeg):mode_rgb():quality(90)/discogs-images/R-15307775-1589506252-8249.jpeg.jpg', ' https://img.discogs.com/yx7fgW8YxO0UTdh_THaQKj2P4bU=/fit-in/150x150/filters:strip_icc():format(jpeg):mode_rgb():quality(40)/discogs-images/R-15307775-1589506252-8249.jpeg.jpg', '', 4),
(356, 356, ' https://img.discogs.com/pCsRrkp6XiqJ1AYH2MGlwW4xBMU=/fit-in/600x596/filters:strip_icc():format(jpeg):mode_rgb():quality(90)/discogs-images/R-6381005-1417839908-1779.jpeg.jpg', ' https://img.discogs.com/fmzEx7lKw2_f1qaO6yMPVlIHFvg=/fit-in/150x150/filters:strip_icc():format(jpeg):mode_rgb():quality(40)/discogs-images/R-6381005-1417839908-1779.jpeg.jpg', '', 16),
(357, 357, ' https://img.discogs.com/XdRvVk8toGfdV_80T8hBOjFwbq0=/fit-in/600x600/filters:strip_icc():format(jpeg):mode_rgb():quality(90)/discogs-images/R-535592-1540835691-4957.jpeg.jpg', ' https://img.discogs.com/yq8Hjcomu3Gj2wdnQMpaCMjSTaQ=/fit-in/150x150/filters:strip_icc():format(jpeg):mode_rgb():quality(40)/discogs-images/R-535592-1540835691-4957.jpeg.jpg', '', 2),
(358, 358, ' https://img.discogs.com/OASsB-80q-WSpIl6Ip3oN8hk1D0=/fit-in/600x600/filters:strip_icc():format(jpeg):mode_rgb():quality(90)/discogs-images/R-1914353-1252138254.jpeg.jpg', ' https://img.discogs.com/NI-hG3thWiBGaVsoAV_L-CV17g4=/fit-in/150x150/filters:strip_icc():format(jpeg):mode_rgb():quality(40)/discogs-images/R-1914353-1252138254.jpeg.jpg', '', 37),
(359, 359, ' Error', ' Error', '', 6),
(360, 360, ' https://img.discogs.com/tO68Fg0LIrpb_TOsKItKAsVYLCs=/fit-in/600x600/filters:strip_icc():format(jpeg):mode_rgb():quality(90)/discogs-images/R-399662-1380775177-9773.jpeg.jpg', ' https://img.discogs.com/YSLR99lbhER4sorM7xyyGEjNbn0=/fit-in/150x150/filters:strip_icc():format(jpeg):mode_rgb():quality(40)/discogs-images/R-399662-1380775177-9773.jpeg.jpg', '', 7),
(361, 361, ' https://img.discogs.com/X6E02PkcuwL87EZgT4j-5Utfeaw=/fit-in/300x300/filters:strip_icc():format(jpeg):mode_rgb():quality(90)/discogs-images/R-225181-1094445158.jpg.jpg', ' https://img.discogs.com/sT1B0JhskVFEZ66bY-10-Rrn1KU=/fit-in/150x150/filters:strip_icc():format(jpeg):mode_rgb():quality(40)/discogs-images/R-225181-1094445158.jpg.jpg', '', 27),
(362, 362, ' https://img.discogs.com/vKBwPMCzzhYF2UfFeosaEAadlG4=/fit-in/600x599/filters:strip_icc():format(jpeg):mode_rgb():quality(90)/discogs-images/R-7086501-1433405772-2682.jpeg.jpg', ' https://img.discogs.com/FbFDexof9liW0hvOoizCu8vaV8g=/fit-in/150x150/filters:strip_icc():format(jpeg):mode_rgb():quality(40)/discogs-images/R-7086501-1433405772-2682.jpeg.jpg', '', 52),
(363, 363, ' https://img.discogs.com/E4MUjQ2CZq0QjFLnTOaK1l6aDj4=/fit-in/600x600/filters:strip_icc():format(jpeg):mode_rgb():quality(90)/discogs-images/R-23662-1614154780-8540.jpeg.jpg', ' https://img.discogs.com/CT9vgxGzKcFgkzhFup4_lYEj1wU=/fit-in/150x150/filters:strip_icc():format(jpeg):mode_rgb():quality(40)/discogs-images/R-23662-1614154780-8540.jpeg.jpg', '', 20),
(364, 364, ' https://img.discogs.com/z0br0idk3qqdCOTfB5PyRSyBHIk=/fit-in/600x591/filters:strip_icc():format(jpeg):mode_rgb():quality(90)/discogs-images/R-605307-1520961500-2707.jpeg.jpg', ' https://img.discogs.com/01JvMR3V7XxUBVddFBE5ilRIbJs=/fit-in/150x150/filters:strip_icc():format(jpeg):mode_rgb():quality(40)/discogs-images/R-605307-1520961500-2707.jpeg.jpg', '', 5),
(365, 365, ' https://img.discogs.com/niu4F-B9BrpcoW0cQ_MOZiN_LoE=/fit-in/600x600/filters:strip_icc():format(jpeg):mode_rgb():quality(90)/discogs-images/R-367339-1259236115.jpeg.jpg', ' https://img.discogs.com/XvilP_Wy8RPlwuHyvW14IBW9vAU=/fit-in/150x150/filters:strip_icc():format(jpeg):mode_rgb():quality(40)/discogs-images/R-367339-1259236115.jpeg.jpg', '', 39),
(366, 366, ' https://img.discogs.com/oMUdyT6tT1eqhrPJ6hz8it55f8U=/fit-in/600x600/filters:strip_icc():format(jpeg):mode_rgb():quality(90)/discogs-images/R-696268-1531038626-8610.jpeg.jpg', ' https://img.discogs.com/5hNkad4kHDL9ur2PlFII92AdGLk=/fit-in/150x150/filters:strip_icc():format(jpeg):mode_rgb():quality(40)/discogs-images/R-696268-1531038626-8610.jpeg.jpg', '', 38),
(367, 367, ' https://img.discogs.com/8wI1b-kOv-WHxAn1gp7WuijImSQ=/fit-in/600x602/filters:strip_icc():format(jpeg):mode_rgb():quality(90)/discogs-images/R-74027-1504296218-8697.jpeg.jpg', ' https://img.discogs.com/C7n_dKon2GQVoSpgEjQMXjg1wno=/fit-in/150x150/filters:strip_icc():format(jpeg):mode_rgb():quality(40)/discogs-images/R-74027-1504296218-8697.jpeg.jpg', '', 46),
(368, 368, ' https://img.discogs.com/uU1GJwK3kt-jBkkGl_uQOxM_iuA=/600x413/smart/filters:strip_icc():format(jpeg):mode_rgb():quality(90)/discogs-images/A-255680-1423878503-2804.jpeg.jpg', ' https://img.discogs.com/ihmn3lNkpoRpKR9ghZ_236NvHvU=/150x150/smart/filters:strip_icc():format(jpeg):mode_rgb():quality(40)/discogs-images/A-255680-1423878503-2804.jpeg.jpg', '', 6),
(369, 369, ' https://img.discogs.com/vXIIzK8LGIaxhKOy5WRRIAHnpto=/fit-in/600x600/filters:strip_icc():format(jpeg):mode_rgb():quality(90)/discogs-images/R-451756-1203189616.jpeg.jpg', ' https://img.discogs.com/LF4_0yxhXXTwQHsxvDWsVpxMEQA=/fit-in/150x150/filters:strip_icc():format(jpeg):mode_rgb():quality(40)/discogs-images/R-451756-1203189616.jpeg.jpg', '', 20),
(370, 370, ' https://img.discogs.com/_rv3jQTJdY6mgrIChR-NMnG4h_A=/fit-in/500x492/filters:strip_icc():format(jpeg):mode_rgb():quality(90)/discogs-images/R-10405669-1496784069-3618.jpeg.jpg', ' https://img.discogs.com/Fx4T4VDjmd5K67PBPrrA94_dVuY=/fit-in/150x150/filters:strip_icc():format(jpeg):mode_rgb():quality(40)/discogs-images/R-10405669-1496784069-3618.jpeg.jpg', '', 17),
(371, 371, ' https://img.discogs.com/gxntQUE5PT0MfiFal_2_TipzNI8=/fit-in/600x600/filters:strip_icc():format(jpeg):mode_rgb():quality(90)/discogs-images/R-612972-1401182963-7322.jpeg.jpg', ' https://img.discogs.com/Xvw4O7lgi62Ys43UvFU4zgS95GY=/fit-in/150x150/filters:strip_icc():format(jpeg):mode_rgb():quality(40)/discogs-images/R-612972-1401182963-7322.jpeg.jpg', '', 48),
(372, 372, ' https://img.discogs.com/pi9Cpt4wequwkxt9vS9pUc5xeYQ=/fit-in/600x598/filters:strip_icc():format(jpeg):mode_rgb():quality(90)/discogs-images/R-5829906-1420810650-6420.jpeg.jpg', ' https://img.discogs.com/th7WPOfFyaeEdBILUQnyXPmuJfU=/fit-in/150x150/filters:strip_icc():format(jpeg):mode_rgb():quality(40)/discogs-images/R-5829906-1420810650-6420.jpeg.jpg', '', 7),
(373, 373, ' https://img.discogs.com/NhovZrZE874CT3DFHqr4sg1w7AY=/fit-in/496x489/filters:strip_icc():format(jpeg):mode_rgb():quality(90)/discogs-images/R-1305465-1241295201.jpeg.jpg', ' https://img.discogs.com/jRwVYXdQaIFdfflYETbhcOHaGrE=/fit-in/150x150/filters:strip_icc():format(jpeg):mode_rgb():quality(40)/discogs-images/R-1305465-1241295201.jpeg.jpg', '', 11),
(374, 374, ' https://img.discogs.com/4o42zcZYF53Sp9BVKO4qyYgO7yU=/fit-in/600x600/filters:strip_icc():format(jpeg):mode_rgb():quality(90)/discogs-images/R-4101329-1455116400-6892.jpeg.jpg', ' https://img.discogs.com/dYmwZq6ntS_GcT20JnA35H9zkG0=/fit-in/150x150/filters:strip_icc():format(jpeg):mode_rgb():quality(40)/discogs-images/R-4101329-1455116400-6892.jpeg.jpg', '', 12),
(375, 375, ' https://img.discogs.com/ZhgAo8M9VLXoR2Nbm4mcfo1F49M=/fit-in/600x600/filters:strip_icc():format(jpeg):mode_rgb():quality(90)/discogs-images/R-1450098-1245656850.jpeg.jpg', ' https://img.discogs.com/mZ8v-PJjI_6z5I-Xbp8fNvWlYc0=/fit-in/150x150/filters:strip_icc():format(jpeg):mode_rgb():quality(40)/discogs-images/R-1450098-1245656850.jpeg.jpg', '', 35),
(376, 376, ' https://img.discogs.com/zfDq3_rCstP3hGBDw3yjSQsjfkQ=/fit-in/588x581/filters:strip_icc():format(jpeg):mode_rgb():quality(90)/discogs-images/R-102481-1232146782.jpeg.jpg', ' https://img.discogs.com/xrlLnv98ltBPNhIrLxcewgAK-uE=/fit-in/150x150/filters:strip_icc():format(jpeg):mode_rgb():quality(40)/discogs-images/R-102481-1232146782.jpeg.jpg', '', 34),
(377, 377, ' https://img.discogs.com/3q52wPxT2oeBqJD7AJj2iG4qZ_I=/fit-in/600x530/filters:strip_icc():format(jpeg):mode_rgb():quality(90)/discogs-images/R-2451323-1284788402.jpeg.jpg', ' https://img.discogs.com/La2yF9e-bAH1rtVO5K4garX5nTE=/fit-in/150x150/filters:strip_icc():format(jpeg):mode_rgb():quality(40)/discogs-images/R-2451323-1284788402.jpeg.jpg', '', 13),
(378, 378, ' https://img.discogs.com/us3_6FkIhYHLZDkEp5GRFPzZ34Y=/fit-in/600x594/filters:strip_icc():format(jpeg):mode_rgb():quality(90)/discogs-images/R-371341-1262612300.jpeg.jpg', ' https://img.discogs.com/7cUxqGHaRBi0vZzAh-OvhBFpFMQ=/fit-in/150x150/filters:strip_icc():format(jpeg):mode_rgb():quality(40)/discogs-images/R-371341-1262612300.jpeg.jpg', '', 34),
(379, 379, ' https://img.discogs.com/zH1-OMfDWnaPxB2TlBPYPGzQ9WI=/fit-in/600x590/filters:strip_icc():format(jpeg):mode_rgb():quality(90)/discogs-images/R-4883798-1489694623-6052.jpeg.jpg', ' https://img.discogs.com/Ae5zXXU_LD8_RQF8xRd4mvEnrjA=/fit-in/150x150/filters:strip_icc():format(jpeg):mode_rgb():quality(40)/discogs-images/R-4883798-1489694623-6052.jpeg.jpg', '', 38),
(380, 380, ' https://img.discogs.com/IQMJdmPMOoKJnd1zSrDyCKbVeTQ=/600x400/smart/filters:strip_icc():format(jpeg):mode_rgb():quality(90)/discogs-images/A-386831-1619133876-9959.jpeg.jpg', ' https://img.discogs.com/DJNzChEBD-pNrfkr8A2HTainggk=/150x150/smart/filters:strip_icc():format(jpeg):mode_rgb():quality(40)/discogs-images/A-386831-1619133876-9959.jpeg.jpg', '', 17),
(381, 381, ' https://img.discogs.com/6f6fsbvppOILgcMpnH5hK3Ipzw4=/fit-in/596x600/filters:strip_icc():format(jpeg):mode_rgb():quality(90)/discogs-images/R-3201704-1320274582.jpeg.jpg', ' https://img.discogs.com/QVxPnohavs1iRGUmlSeWhR4hUkM=/fit-in/150x150/filters:strip_icc():format(jpeg):mode_rgb():quality(40)/discogs-images/R-3201704-1320274582.jpeg.jpg', '', 56),
(382, 382, ' https://img.discogs.com/nZNOS3nXTe49fG1C2reG8Kl6_uc=/fit-in/600x593/filters:strip_icc():format(jpeg):mode_rgb():quality(90)/discogs-images/R-1169502-1197850475.jpeg.jpg', ' https://img.discogs.com/RPLvd1jzomgeZZ1vS1lKItJzD2M=/fit-in/150x150/filters:strip_icc():format(jpeg):mode_rgb():quality(40)/discogs-images/R-1169502-1197850475.jpeg.jpg', '', 9),
(383, 383, ' https://img.discogs.com/2ZhcnxrzL5YGEeXnC3eYB0dCIR0=/fit-in/600x597/filters:strip_icc():format(jpeg):mode_rgb():quality(90)/discogs-images/R-7027316-1431985010-7842.jpeg.jpg', ' https://img.discogs.com/PqQAmKH2JK5oUNUKbSrwYvWzZd8=/fit-in/150x150/filters:strip_icc():format(jpeg):mode_rgb():quality(40)/discogs-images/R-7027316-1431985010-7842.jpeg.jpg', '', 30),
(384, 384, ' https://img.discogs.com/OsB36oxbMFN2v1Eiab5CAu4MRIA=/fit-in/574x568/filters:strip_icc():format(jpeg):mode_rgb():quality(90)/discogs-images/R-1899235-1453048125-4633.jpeg.jpg', ' https://img.discogs.com/fPoa4sHE3QrJB632ypcs9cIQemo=/fit-in/150x150/filters:strip_icc():format(jpeg):mode_rgb():quality(40)/discogs-images/R-1899235-1453048125-4633.jpeg.jpg', '', 3),
(385, 385, ' https://img.discogs.com/uRTyEWg9KeuASpRRbdVS4iyX22g=/fit-in/600x599/filters:strip_icc():format(jpeg):mode_rgb():quality(90)/discogs-images/R-455342-1536239331-9768.jpeg.jpg', ' https://img.discogs.com/rWuxQ0wjrGeALPa0sMS0vglq_PQ=/fit-in/150x150/filters:strip_icc():format(jpeg):mode_rgb():quality(40)/discogs-images/R-455342-1536239331-9768.jpeg.jpg', '', 21),
(386, 386, ' https://img.discogs.com/evgkIWacJ-2iy2n_TSzQNh4dSTc=/fit-in/600x599/filters:strip_icc():format(jpeg):mode_rgb():quality(90)/discogs-images/R-512366-1356970793-8400.jpeg.jpg', ' https://img.discogs.com/q4_IKjyH2edk627Wwh4zSbr6e1s=/fit-in/150x150/filters:strip_icc():format(jpeg):mode_rgb():quality(40)/discogs-images/R-512366-1356970793-8400.jpeg.jpg', '', 35),
(387, 387, ' https://img.discogs.com/5IpjJjDMxLXKxkP2PPEXgaLvyUA=/fit-in/600x600/filters:strip_icc():format(jpeg):mode_rgb():quality(90)/discogs-images/R-153749-1185134135.jpeg.jpg', ' https://img.discogs.com/cdPXYml9H22iqS9ba4QhQw-6Aiw=/fit-in/150x150/filters:strip_icc():format(jpeg):mode_rgb():quality(40)/discogs-images/R-153749-1185134135.jpeg.jpg', '', 52),
(388, 388, ' https://img.discogs.com/11un6x3BapJLpdwfcyN3xQMcgSM=/fit-in/600x600/filters:strip_icc():format(jpeg):mode_rgb():quality(90)/discogs-images/R-2033168-1296568734.jpeg.jpg', ' https://img.discogs.com/EaeMqRxekvkn_3Y9ZvXc96rythc=/fit-in/150x150/filters:strip_icc():format(jpeg):mode_rgb():quality(40)/discogs-images/R-2033168-1296568734.jpeg.jpg', '', 40),
(389, 389, ' https://img.discogs.com/sFqrXjUv0sSjYW84zZVJy2afal8=/fit-in/300x300/filters:strip_icc():format(jpeg):mode_rgb():quality(90)/discogs-images/R-1870255-1310130971.jpeg.jpg', ' https://img.discogs.com/mBG-XMVMrGD7VKjqHKzVqjSzCdA=/fit-in/150x150/filters:strip_icc():format(jpeg):mode_rgb():quality(40)/discogs-images/R-1870255-1310130971.jpeg.jpg', '', 43),
(390, 390, ' https://img.discogs.com/94DKs8le5oClslnognHBlragw_A=/600x397/smart/filters:strip_icc():format(jpeg):mode_rgb():quality(90)/discogs-images/A-116345-1544755266-8160.jpeg.jpg', ' https://img.discogs.com/c72cM78hIAL9IqVP1PCHzVFutuo=/150x150/smart/filters:strip_icc():format(jpeg):mode_rgb():quality(40)/discogs-images/A-116345-1544755266-8160.jpeg.jpg', '', 33),
(391, 391, ' https://img.discogs.com/hv-_7jNcXQMhTCqLRT9A5fyuGQg=/fit-in/600x595/filters:strip_icc():format(jpeg):mode_rgb():quality(90)/discogs-images/R-4438336-1365224214-9836.jpeg.jpg', ' https://img.discogs.com/tSmzDT9bwOSH6vlOG1xJ9twP-7o=/fit-in/150x150/filters:strip_icc():format(jpeg):mode_rgb():quality(40)/discogs-images/R-4438336-1365224214-9836.jpeg.jpg', '', 9),
(392, 392, ' https://img.discogs.com/sjv56MU9hw6vGMwy7XEMCzsb6wA=/fit-in/600x581/filters:strip_icc():format(jpeg):mode_rgb():quality(90)/discogs-images/R-1088126-1256950979.jpeg.jpg', ' https://img.discogs.com/M27V8pu5AiYsxuZrFieT5jgbDWQ=/fit-in/150x150/filters:strip_icc():format(jpeg):mode_rgb():quality(40)/discogs-images/R-1088126-1256950979.jpeg.jpg', '', 16),
(393, 393, ' https://img.discogs.com/zPYlRA3P9wFSZJhXCHHZlL_uFtg=/fit-in/590x594/filters:strip_icc():format(jpeg):mode_rgb():quality(90)/discogs-images/R-1041774-1295304609.jpeg.jpg', ' https://img.discogs.com/WZPrKe71iUQdLqFj2LVy9WyL2EE=/fit-in/150x150/filters:strip_icc():format(jpeg):mode_rgb():quality(40)/discogs-images/R-1041774-1295304609.jpeg.jpg', '', 54),
(394, 394, ' https://img.discogs.com/qp7pWiEDVoiRdjM19ZQ_I_wVTEs=/fit-in/600x596/filters:strip_icc():format(jpeg):mode_rgb():quality(90)/discogs-images/R-7188727-1435713090-2388.jpeg.jpg', ' https://img.discogs.com/VyHvj0qiG6s51BnOrio8E-yasR8=/fit-in/150x150/filters:strip_icc():format(jpeg):mode_rgb():quality(40)/discogs-images/R-7188727-1435713090-2388.jpeg.jpg', '', 35),
(395, 395, ' https://img.discogs.com/OSIij0M16oQugopl7r7tlkjaYxA=/fit-in/600x577/filters:strip_icc():format(jpeg):mode_rgb():quality(90)/discogs-images/R-935577-1496703574-8307.jpeg.jpg', ' https://img.discogs.com/Lknr9Zimx7nlbFNRlrgeObwnXLU=/fit-in/150x150/filters:strip_icc():format(jpeg):mode_rgb():quality(40)/discogs-images/R-935577-1496703574-8307.jpeg.jpg', '', 54),
(396, 396, ' https://img.discogs.com/6krKC3NSAgjnK6Rf7w1wJ3Zong0=/fit-in/600x600/filters:strip_icc():format(jpeg):mode_rgb():quality(90)/discogs-images/R-1048994-1530800371-3235.jpeg.jpg', ' https://img.discogs.com/LcYlmPDRGkm3Zc1Gp_Qj9l9VhZI=/fit-in/150x150/filters:strip_icc():format(jpeg):mode_rgb():quality(40)/discogs-images/R-1048994-1530800371-3235.jpeg.jpg', '', 17),
(397, 397, ' https://img.discogs.com/o2NLioei6tkQuwEOcFkUbNQl1tQ=/fit-in/600x600/filters:strip_icc():format(jpeg):mode_rgb():quality(90)/discogs-images/R-65754-1320097333.jpeg.jpg', ' https://img.discogs.com/rIaoItQnu3UE7f8A5niF8bWzBlg=/fit-in/150x150/filters:strip_icc():format(jpeg):mode_rgb():quality(40)/discogs-images/R-65754-1320097333.jpeg.jpg', '', 13),
(398, 398, ' https://img.discogs.com/T2e5vv1oHXcleMmeWlL5D3y2lQg=/fit-in/600x600/filters:strip_icc():format(jpeg):mode_rgb():quality(90)/discogs-images/R-1291640-1367093438-1325.jpeg.jpg', ' https://img.discogs.com/hD4ZM6RNBxloZFQo-7-tp98BdKE=/fit-in/150x150/filters:strip_icc():format(jpeg):mode_rgb():quality(40)/discogs-images/R-1291640-1367093438-1325.jpeg.jpg', '', 47),
(399, 399, ' https://img.discogs.com/Q-u62DPMiDciS9i4tdIDpNN7mfw=/fit-in/600x607/filters:strip_icc():format(jpeg):mode_rgb():quality(90)/discogs-images/R-905265-1535133498-3035.jpeg.jpg', ' https://img.discogs.com/-nXoyaMvgPWalArbvx__--MYVa0=/fit-in/150x150/filters:strip_icc():format(jpeg):mode_rgb():quality(40)/discogs-images/R-905265-1535133498-3035.jpeg.jpg', '', 40),
(400, 400, ' https://img.discogs.com/RXK5Z6-JR9EWK0pZiJtArL6g3zE=/fit-in/600x600/filters:strip_icc():format(jpeg):mode_rgb():quality(90)/discogs-images/R-1841211-1526184638-4178.jpeg.jpg', ' https://img.discogs.com/NxTz9BvSTMmOeXn9vHRMG5-doTo=/fit-in/150x150/filters:strip_icc():format(jpeg):mode_rgb():quality(40)/discogs-images/R-1841211-1526184638-4178.jpeg.jpg', '', 34);
INSERT INTO `album` (`album_id`, `number`, `thumbnail`, `album_cover`, `track`, `year_id`) VALUES
(401, 401, ' https://img.discogs.com/CAonWEnet4UnFoZpik30HXT27hI=/fit-in/600x600/filters:strip_icc():format(jpeg):mode_rgb():quality(90)/discogs-images/R-1266804-1461290216-7010.jpeg.jpg', ' https://img.discogs.com/UCI1F98Qt-jv-uV2AQaZEKGk2B0=/fit-in/150x150/filters:strip_icc():format(jpeg):mode_rgb():quality(40)/discogs-images/R-1266804-1461290216-7010.jpeg.jpg', '', 51),
(402, 402, ' https://img.discogs.com/z_2ZaMM6SeRNIJc210m3v8wnWb0=/fit-in/500x490/filters:strip_icc():format(jpeg):mode_rgb():quality(90)/discogs-images/R-392604-1177019228.jpeg.jpg', ' https://img.discogs.com/LC9iLW0NCXXYFzzTYT2TshDDl_8=/fit-in/150x150/filters:strip_icc():format(jpeg):mode_rgb():quality(40)/discogs-images/R-392604-1177019228.jpeg.jpg', '', 38),
(403, 403, ' https://img.discogs.com/YdqJk82a7oHEaQWq9lc_BN4VqCY=/fit-in/600x600/filters:strip_icc():format(jpeg):mode_rgb():quality(90)/discogs-images/R-4301456-1361138281-3978.jpeg.jpg', ' https://img.discogs.com/d5jFWgt4CrxJnyFv_HYi_DapUGU=/fit-in/150x150/filters:strip_icc():format(jpeg):mode_rgb():quality(40)/discogs-images/R-4301456-1361138281-3978.jpeg.jpg', '', 17),
(404, 404, ' https://img.discogs.com/-MjQjKvg-8zX-EHJbK8UnR7aGZA=/fit-in/600x557/filters:strip_icc():format(jpeg):mode_rgb():quality(90)/discogs-images/R-1231039-1289603202.jpeg.jpg', ' https://img.discogs.com/kdUkY28VHYmYOj0n5X79jgPuSeU=/fit-in/150x150/filters:strip_icc():format(jpeg):mode_rgb():quality(40)/discogs-images/R-1231039-1289603202.jpeg.jpg', '', 6),
(405, 405, ' https://img.discogs.com/aVqyo-dUjqLNxvNWvPrh3uqz4Pw=/fit-in/600x599/filters:strip_icc():format(jpeg):mode_rgb():quality(90)/discogs-images/R-1455258-1221023049.jpeg.jpg', ' https://img.discogs.com/BEqPuDdCKFyiILx-DZJYeYcP_d4=/fit-in/150x150/filters:strip_icc():format(jpeg):mode_rgb():quality(40)/discogs-images/R-1455258-1221023049.jpeg.jpg', '', 35),
(406, 406, ' https://img.discogs.com/TTbGEo9x9D31sKJSeYi6_GcscU0=/600x600/smart/filters:strip_icc():format(jpeg):mode_rgb():quality(90)/discogs-images/A-36052-1606316026-8044.jpeg.jpg', ' https://img.discogs.com/OSJ2oR5EhPx49y0hd3i5vknJBZs=/150x150/smart/filters:strip_icc():format(jpeg):mode_rgb():quality(40)/discogs-images/A-36052-1606316026-8044.jpeg.jpg', '', 52),
(407, 407, ' https://img.discogs.com/D2OHQkFKHbiaVjlG85p7EbeF2R0=/fit-in/600x595/filters:strip_icc():format(jpeg):mode_rgb():quality(90)/discogs-images/R-100245-1353686746-3088.jpeg.jpg', ' https://img.discogs.com/sO4M5tngO4yUCJ_-702PBy3Arlk=/fit-in/150x150/filters:strip_icc():format(jpeg):mode_rgb():quality(40)/discogs-images/R-100245-1353686746-3088.jpeg.jpg', '', 29),
(408, 408, ' https://img.discogs.com/nh7tOG679g7A7KRuG65lnCOzp3Y=/fit-in/600x600/filters:strip_icc():format(jpeg):mode_rgb():quality(90)/discogs-images/R-420725-1337736644-8793.jpeg.jpg', ' https://img.discogs.com/RtNj_TDVO5gIirh4fqyIXw8VyKU=/fit-in/150x150/filters:strip_icc():format(jpeg):mode_rgb():quality(40)/discogs-images/R-420725-1337736644-8793.jpeg.jpg', '', 43),
(409, 409, ' https://img.discogs.com/yJaN2cSWWoAV7IGdXWWk8GrVJOo=/fit-in/595x590/filters:strip_icc():format(jpeg):mode_rgb():quality(90)/discogs-images/R-13839806-1562308277-4267.jpeg.jpg', ' https://img.discogs.com/Cq3xPL0vIZqx82xup-lBr8nQmzo=/fit-in/150x150/filters:strip_icc():format(jpeg):mode_rgb():quality(40)/discogs-images/R-13839806-1562308277-4267.jpeg.jpg', '', 2),
(410, 410, ' https://img.discogs.com/0Ieihz9ZkVwRjEU8amhnwA_KDh8=/fit-in/600x573/filters:strip_icc():format(jpeg):mode_rgb():quality(90)/discogs-images/R-954191-1554296280-5239.jpeg.jpg', ' https://img.discogs.com/XHE3wg7hPBd5DAV7oOikiHGITjo=/fit-in/150x150/filters:strip_icc():format(jpeg):mode_rgb():quality(40)/discogs-images/R-954191-1554296280-5239.jpeg.jpg', '', 44),
(411, 411, ' https://img.discogs.com/HbsnKUEWaTrm9ufX5JqmkRAm3RI=/fit-in/600x600/filters:strip_icc():format(jpeg):mode_rgb():quality(90)/discogs-images/R-585141-1381802725-9707.jpeg.jpg', ' https://img.discogs.com/YjSz-7J10f2HZMm07yK45DcOFcY=/fit-in/150x150/filters:strip_icc():format(jpeg):mode_rgb():quality(40)/discogs-images/R-585141-1381802725-9707.jpeg.jpg', '', 35),
(412, 412, ' https://img.discogs.com/_VL3CQjLlN4grxBxaa4dHXSMivg=/fit-in/600x600/filters:strip_icc():format(jpeg):mode_rgb():quality(90)/discogs-images/R-223354-1381947085-7813.jpeg.jpg', ' https://img.discogs.com/dbD_KuEjq6E5cAigjtye2Q1AMIQ=/fit-in/150x150/filters:strip_icc():format(jpeg):mode_rgb():quality(40)/discogs-images/R-223354-1381947085-7813.jpeg.jpg', '', 19),
(413, 413, ' https://img.discogs.com/b_XNbV_9f_CTDVHQqfgWCDQL-jM=/fit-in/500x500/filters:strip_icc():format(jpeg):mode_rgb():quality(90)/discogs-images/R-421057-1346605023-4851.jpeg.jpg', ' https://img.discogs.com/BZNWiMkxfiQNUL4s14aw7ef_dbg=/fit-in/150x150/filters:strip_icc():format(jpeg):mode_rgb():quality(40)/discogs-images/R-421057-1346605023-4851.jpeg.jpg', '', 22),
(414, 414, ' https://img.discogs.com/MV1BNGrgIO86oDulbiKJEH9eDF4=/fit-in/600x595/filters:strip_icc():format(jpeg):mode_rgb():quality(90)/discogs-images/R-3531333-1522192222-9191.jpeg.jpg', ' https://img.discogs.com/GRrHXiT-k6MIxF-TBkd7GH0gutM=/fit-in/150x150/filters:strip_icc():format(jpeg):mode_rgb():quality(40)/discogs-images/R-3531333-1522192222-9191.jpeg.jpg', '', 49),
(415, 415, ' https://img.discogs.com/egAJd0_xAIkvUVrgU-NLyu-sfXc=/fit-in/598x600/filters:strip_icc():format(jpeg):mode_rgb():quality(90)/discogs-images/R-3892549-1387927607-4257.jpeg.jpg', ' https://img.discogs.com/LMJQnOb85PgYqeOT-F3Rr05qazg=/fit-in/150x150/filters:strip_icc():format(jpeg):mode_rgb():quality(40)/discogs-images/R-3892549-1387927607-4257.jpeg.jpg', '', 30),
(416, 416, ' https://img.discogs.com/zWrD6Gb93XCuNm2dm9QlfFq_iT4=/fit-in/600x523/filters:strip_icc():format(jpeg):mode_rgb():quality(90)/discogs-images/R-1365907-1351150537-8703.jpeg.jpg', ' https://img.discogs.com/qcedAKBPiTz68_33KEqvPdKpjKk=/fit-in/150x150/filters:strip_icc():format(jpeg):mode_rgb():quality(40)/discogs-images/R-1365907-1351150537-8703.jpeg.jpg', '', 51),
(417, 417, ' https://img.discogs.com/LRatqeYchjAFjN4SOEUX8e6TPBc=/fit-in/600x595/filters:strip_icc():format(jpeg):mode_rgb():quality(90)/discogs-images/R-11778636-1522576123-7986.jpeg.jpg', ' https://img.discogs.com/LlIeNIpwZ2vGv_FODT1rEcjIRCo=/fit-in/150x150/filters:strip_icc():format(jpeg):mode_rgb():quality(40)/discogs-images/R-11778636-1522576123-7986.jpeg.jpg', '', 29),
(418, 418, ' https://img.discogs.com/lEqBmIw-C592XEgCX50dEWIiZJA=/567x703/smart/filters:strip_icc():format(jpeg):mode_rgb():quality(90)/discogs-images/A-35301-1319382618.jpeg.jpg', ' https://img.discogs.com/dSh9Yx4Qopl616fXRM__OFD0FLg=/150x150/smart/filters:strip_icc():format(jpeg):mode_rgb():quality(40)/discogs-images/A-35301-1319382618.jpeg.jpg', '', 17),
(419, 419, ' https://img.discogs.com/_5fgkj9XD71NG41HVYJcjN6bbxQ=/fit-in/600x591/filters:strip_icc():format(jpeg):mode_rgb():quality(90)/discogs-images/R-13239116-1612863353-5093.jpeg.jpg', ' https://img.discogs.com/xDUv-XUUQy-Ddgm35Sol3ps1h-w=/fit-in/150x150/filters:strip_icc():format(jpeg):mode_rgb():quality(40)/discogs-images/R-13239116-1612863353-5093.jpeg.jpg', '', 38),
(420, 420, ' https://img.discogs.com/gPauQg-xMQ2U0b5AVgAchPCt9jY=/fit-in/598x598/filters:strip_icc():format(jpeg):mode_rgb():quality(90)/discogs-images/R-2152809-1345653926-8418.jpeg.jpg', ' https://img.discogs.com/rfk0bOMsB-kxH98jW4PytGZ3AAo=/fit-in/150x150/filters:strip_icc():format(jpeg):mode_rgb():quality(40)/discogs-images/R-2152809-1345653926-8418.jpeg.jpg', '', 24),
(421, 421, ' https://img.discogs.com/qRYHHWnXfKBDKSwP7S6QXE21ths=/fit-in/500x500/filters:strip_icc():format(jpeg):mode_rgb():quality(90)/discogs-images/R-3629179-1338043493-4527.jpeg.jpg', ' https://img.discogs.com/eOQe1ytgsZ-sbm9QO9ZMPzv40Hg=/fit-in/150x150/filters:strip_icc():format(jpeg):mode_rgb():quality(40)/discogs-images/R-3629179-1338043493-4527.jpeg.jpg', '', 15),
(422, 422, ' https://img.discogs.com/yKFAqsJ2RyFQgyYQn6WvtiF65Mw=/fit-in/600x581/filters:strip_icc():format(jpeg):mode_rgb():quality(90)/discogs-images/R-1949463-1478607570-5335.jpeg.jpg', ' https://img.discogs.com/MyNlBHmlzNYecChfAXQcQuWV6OU=/fit-in/150x150/filters:strip_icc():format(jpeg):mode_rgb():quality(40)/discogs-images/R-1949463-1478607570-5335.jpeg.jpg', '', 18),
(423, 423, ' https://img.discogs.com/hD8cm5SoZLKVILZXnqXBJweixKA=/fit-in/592x600/filters:strip_icc():format(jpeg):mode_rgb():quality(90)/discogs-images/R-427903-1294587219.jpeg.jpg', ' https://img.discogs.com/h1O5XZP4LdBtdNXkHK3PWZE81Jo=/fit-in/150x150/filters:strip_icc():format(jpeg):mode_rgb():quality(40)/discogs-images/R-427903-1294587219.jpeg.jpg', '', 21),
(424, 424, ' https://img.discogs.com/b-2_WNL8e6jGf_am3cm-oRrKx94=/fit-in/600x509/filters:strip_icc():format(jpeg):mode_rgb():quality(90)/discogs-images/R-1637493-1495375836-7079.jpeg.jpg', ' https://img.discogs.com/N75ej08c3AOTEINwtBFAQ6u4KqI=/fit-in/150x150/filters:strip_icc():format(jpeg):mode_rgb():quality(40)/discogs-images/R-1637493-1495375836-7079.jpeg.jpg', '', 45),
(425, 425, ' https://img.discogs.com/vYZ8tutP7Lz270iISMK4Qk_KmKQ=/fit-in/600x597/filters:strip_icc():format(jpeg):mode_rgb():quality(90)/discogs-images/R-5894007-1514283616-2057.jpeg.jpg', ' https://img.discogs.com/obTfVWTz_Q2LS4oJwAiGFZNZTc8=/fit-in/150x150/filters:strip_icc():format(jpeg):mode_rgb():quality(40)/discogs-images/R-5894007-1514283616-2057.jpeg.jpg', '', 35),
(426, 426, ' https://img.discogs.com/614yoL4wEqYx0EwE5kuuv2UKKvQ=/fit-in/600x608/filters:strip_icc():format(jpeg):mode_rgb():quality(90)/discogs-images/R-1890992-1479120546-8386.jpeg.jpg', ' https://img.discogs.com/k2qGqu6wOKIjRszmDGUwoYUTr1w=/fit-in/150x150/filters:strip_icc():format(jpeg):mode_rgb():quality(40)/discogs-images/R-1890992-1479120546-8386.jpeg.jpg', '', 30),
(427, 427, ' https://img.discogs.com/-XNdDuCn3K8N4jLWttUWTAQPACI=/fit-in/600x600/filters:strip_icc():format(jpeg):mode_rgb():quality(90)/discogs-images/R-2423834-1444814222-1749.jpeg.jpg', ' https://img.discogs.com/KPDXbWRJ37tFZaoPdLxrYeghcC0=/fit-in/150x150/filters:strip_icc():format(jpeg):mode_rgb():quality(40)/discogs-images/R-2423834-1444814222-1749.jpeg.jpg', '', 45),
(428, 428, ' https://img.discogs.com/vdUpuQI4C74iodEC5VwpyI514Zk=/fit-in/600x600/filters:strip_icc():format(jpeg):mode_rgb():quality(90)/discogs-images/R-793593-1201128430.jpeg.jpg', ' https://img.discogs.com/VEgNhTbW1rlDQbyqgMRioVqyB30=/fit-in/150x150/filters:strip_icc():format(jpeg):mode_rgb():quality(40)/discogs-images/R-793593-1201128430.jpeg.jpg', '', 30),
(429, 429, ' https://img.discogs.com/XhQW0VFUV7FBmQsa2EPJzhB7ack=/fit-in/600x600/filters:strip_icc():format(jpeg):mode_rgb():quality(90)/discogs-images/R-116525-1538300396-8899.jpeg.jpg', ' https://img.discogs.com/cmTz6RafT_q1KOVmeFOaa__82Ak=/fit-in/150x150/filters:strip_icc():format(jpeg):mode_rgb():quality(40)/discogs-images/R-116525-1538300396-8899.jpeg.jpg', '', 12),
(430, 430, ' https://img.discogs.com/cdko-_uzfQKb50J-byiWG6AlUGw=/fit-in/600x600/filters:strip_icc():format(jpeg):mode_rgb():quality(90)/discogs-images/R-10872040-1597661067-8022.jpeg.jpg', ' https://img.discogs.com/HQx1gGryEz6bF-dOi80gEyrWQw4=/fit-in/150x150/filters:strip_icc():format(jpeg):mode_rgb():quality(40)/discogs-images/R-10872040-1597661067-8022.jpeg.jpg', '', 54),
(431, 431, ' https://img.discogs.com/bcQ7XlR-8ISqm-jhUWS2pTM0Aj4=/fit-in/600x603/filters:strip_icc():format(jpeg):mode_rgb():quality(90)/discogs-images/R-415842-1248487814.jpeg.jpg', ' https://img.discogs.com/bdFnHduecvUEKsi6qzVgB41geqo=/fit-in/150x150/filters:strip_icc():format(jpeg):mode_rgb():quality(40)/discogs-images/R-415842-1248487814.jpeg.jpg', '', 27),
(432, 432, ' https://img.discogs.com/e4_Op8Ui4TBip85jxtoHhzhjsRE=/fit-in/600x602/filters:strip_icc():format(jpeg):mode_rgb():quality(90)/discogs-images/R-35610-1502464482-7800.jpeg.jpg', ' https://img.discogs.com/kkv8zxwDsLHs2Xf_FIeslGLYOsA=/fit-in/150x150/filters:strip_icc():format(jpeg):mode_rgb():quality(40)/discogs-images/R-35610-1502464482-7800.jpeg.jpg', '', 17),
(433, 433, ' https://img.discogs.com/k2Vu9SiD_E9DJjz6Ghcsii20UkI=/fit-in/600x599/filters:strip_icc():format(jpeg):mode_rgb():quality(90)/discogs-images/R-516882-1631575115-4801.jpeg.jpg', ' https://img.discogs.com/ZJa1Dqb4MMiyOsRZu1REYfV5pco=/fit-in/150x150/filters:strip_icc():format(jpeg):mode_rgb():quality(40)/discogs-images/R-516882-1631575115-4801.jpeg.jpg', '', 16),
(434, 434, ' https://img.discogs.com/HMhfDufvu9jcdHLuT7EQv71RPYw=/304x304/smart/filters:strip_icc():format(jpeg):mode_rgb():quality(90)/discogs-images/A-270582-1363569411-7918.jpeg.jpg', ' https://img.discogs.com/j4bDHOtF4-VxKtCLHXKIKchVuf8=/150x150/smart/filters:strip_icc():format(jpeg):mode_rgb():quality(40)/discogs-images/A-270582-1363569411-7918.jpeg.jpg', '', 6),
(435, 435, ' https://img.discogs.com/PgYUflMvzbRyB4eMLP30KEqG0rg=/fit-in/600x594/filters:strip_icc():format(jpeg):mode_rgb():quality(90)/discogs-images/R-375979-1491700347-7263.jpeg.jpg', ' https://img.discogs.com/dqwbwQ23fqJkd4K_SVAbHfJA-d8=/fit-in/150x150/filters:strip_icc():format(jpeg):mode_rgb():quality(40)/discogs-images/R-375979-1491700347-7263.jpeg.jpg', '', 52),
(436, 436, ' https://img.discogs.com/PS_xvAwaJF4C8QqYHDCT9aQu1GY=/fit-in/600x597/filters:strip_icc():format(jpeg):mode_rgb():quality(90)/discogs-images/R-380156-1381446537-3753.jpeg.jpg', ' https://img.discogs.com/N4LYt4CmKar-sPkmTfOKAvlb6Fk=/fit-in/150x150/filters:strip_icc():format(jpeg):mode_rgb():quality(40)/discogs-images/R-380156-1381446537-3753.jpeg.jpg', '', 45),
(437, 437, ' https://img.discogs.com/2bht6-vSiO6kK8e5kzJaUukkba4=/fit-in/600x600/filters:strip_icc():format(jpeg):mode_rgb():quality(90)/discogs-images/R-20835880-1635943204-9169.jpeg.jpg', ' https://img.discogs.com/UQVC19BbKr7SckDD6DNLaTTEAuQ=/fit-in/150x150/filters:strip_icc():format(jpeg):mode_rgb():quality(40)/discogs-images/R-20835880-1635943204-9169.jpeg.jpg', '', 57),
(438, 438, ' https://img.discogs.com/51QBEhrRCmkL21BVGS8XvQnX0pU=/fit-in/500x500/filters:strip_icc():format(jpeg):mode_rgb():quality(90)/discogs-images/R-2468885-1371398510-1774.jpeg.jpg', ' https://img.discogs.com/BqlkGaihvtOFMVEFzxaOe4a9uQ8=/fit-in/150x150/filters:strip_icc():format(jpeg):mode_rgb():quality(40)/discogs-images/R-2468885-1371398510-1774.jpeg.jpg', '', 7),
(439, 439, ' https://img.discogs.com/Aa0gDnAagpkAgPsdSruJFNsZ7-M=/fit-in/595x600/filters:strip_icc():format(jpeg):mode_rgb():quality(90)/discogs-images/R-1354445-1347210028-1651.jpeg.jpg', ' https://img.discogs.com/2Gfdv8J0It5iZbh1XrU3NNBbyYg=/fit-in/150x150/filters:strip_icc():format(jpeg):mode_rgb():quality(40)/discogs-images/R-1354445-1347210028-1651.jpeg.jpg', '', 40),
(440, 440, ' https://img.discogs.com/mmhsjuqmdK3dC0SpzgZ0WXerPS4=/fit-in/600x602/filters:strip_icc():format(jpeg):mode_rgb():quality(90)/discogs-images/R-3667439-1339593883-6617.jpeg.jpg', ' https://img.discogs.com/WAkgiCN6NoqQ2pmaWks2NEIflh4=/fit-in/150x150/filters:strip_icc():format(jpeg):mode_rgb():quality(40)/discogs-images/R-3667439-1339593883-6617.jpeg.jpg', '', 40),
(441, 441, ' https://img.discogs.com/8bdgEl7CZMu3h5P8ZChHilzfQJ0=/fit-in/600x600/filters:strip_icc():format(jpeg):mode_rgb():quality(90)/discogs-images/R-429836-1312811390.jpeg.jpg', ' https://img.discogs.com/XdQSzyUO7HiITJYFRp88vmRY3Wo=/fit-in/150x150/filters:strip_icc():format(jpeg):mode_rgb():quality(40)/discogs-images/R-429836-1312811390.jpeg.jpg', '', 19),
(442, 442, ' https://img.discogs.com/Hx-oiPs93_AQPAn-uRQ-YDH004Q=/fit-in/600x600/filters:strip_icc():format(jpeg):mode_rgb():quality(90)/discogs-images/R-499732-1290061363.jpeg.jpg', ' https://img.discogs.com/tv4_zPn2GXME3tYJBNw_HriCKlI=/fit-in/150x150/filters:strip_icc():format(jpeg):mode_rgb():quality(40)/discogs-images/R-499732-1290061363.jpeg.jpg', '', 30),
(443, 443, ' https://img.discogs.com/Ows-qb3ThSDYI28GR8nczulLleY=/fit-in/600x599/filters:strip_icc():format(jpeg):mode_rgb():quality(90)/discogs-images/R-9657656-1484349961-8214.jpeg.jpg', ' https://img.discogs.com/iZBJy3RsP5ect9RiGhXOOZTBa4o=/fit-in/150x150/filters:strip_icc():format(jpeg):mode_rgb():quality(40)/discogs-images/R-9657656-1484349961-8214.jpeg.jpg', '', 19),
(444, 444, ' https://img.discogs.com/5OcAxruqrCNas9Mepix75agRxzs=/fit-in/600x600/filters:strip_icc():format(jpeg):mode_rgb():quality(90)/discogs-images/R-428062-1536609897-7425.jpeg.jpg', ' https://img.discogs.com/6BB3h2K1HUjTl58bo5nTGymuYSs=/fit-in/150x150/filters:strip_icc():format(jpeg):mode_rgb():quality(40)/discogs-images/R-428062-1536609897-7425.jpeg.jpg', '', 6),
(445, 445, ' https://img.discogs.com/_OQ8OXpIEm9kImB4T9gcFgAOow4=/fit-in/600x600/filters:strip_icc():format(jpeg):mode_rgb():quality(90)/discogs-images/R-537047-1427053017-6353.png.jpg', ' https://img.discogs.com/8r11xmMKsyI0lHdYUwm1yEdfO6c=/fit-in/150x150/filters:strip_icc():format(jpeg):mode_rgb():quality(40)/discogs-images/R-537047-1427053017-6353.png.jpg', '', 9),
(446, 446, ' https://img.discogs.com/oEYB0JEeg_MaTMc9_MlMUGMcbsE=/fit-in/600x600/filters:strip_icc():format(jpeg):mode_rgb():quality(90)/discogs-images/R-877148-1531118886-4898.jpeg.jpg', ' https://img.discogs.com/VSrwb5lNY8uepYDhIOAbrwX79Fg=/fit-in/150x150/filters:strip_icc():format(jpeg):mode_rgb():quality(40)/discogs-images/R-877148-1531118886-4898.jpeg.jpg', '', 16),
(447, 447, ' https://img.discogs.com/qdYr5poRk_rEfccCiZXa_gdFLF8=/fit-in/600x607/filters:strip_icc():format(jpeg):mode_rgb():quality(90)/discogs-images/R-1198875-1502121556-4334.jpeg.jpg', ' https://img.discogs.com/ggF3S3B0nxKC7RNL31dD7OG9SlA=/fit-in/150x150/filters:strip_icc():format(jpeg):mode_rgb():quality(40)/discogs-images/R-1198875-1502121556-4334.jpeg.jpg', '', 25),
(448, 448, ' https://img.discogs.com/UPaxgWW24P4MF5snN7t3zpe5Mfo=/fit-in/469x480/filters:strip_icc():format(jpeg):mode_rgb():quality(90)/discogs-images/R-3754997-1343059810-7110.jpeg.jpg', ' https://img.discogs.com/maQUE_0amEOdT9xbUTvAvMFTLOQ=/fit-in/150x150/filters:strip_icc():format(jpeg):mode_rgb():quality(40)/discogs-images/R-3754997-1343059810-7110.jpeg.jpg', '', 47),
(449, 449, ' https://img.discogs.com/IUmUanu9qIUt5lEZ5VsoELY73aU=/fit-in/600x592/filters:strip_icc():format(jpeg):mode_rgb():quality(90)/discogs-images/R-420541-1409256292-2632.jpeg.jpg', ' https://img.discogs.com/DGDapiKOUwA3n3tkEt-qkKLmxqc=/fit-in/150x150/filters:strip_icc():format(jpeg):mode_rgb():quality(40)/discogs-images/R-420541-1409256292-2632.jpeg.jpg', '', 30),
(450, 450, ' https://img.discogs.com/XAySyeDpHIMjTCrlin6L8nz-h3I=/fit-in/600x600/filters:strip_icc():format(jpeg):mode_rgb():quality(90)/discogs-images/R-1315531-1245656018.jpeg.jpg', ' https://img.discogs.com/MpfKXXpkYGHxZUGq8_5B8RdAqlc=/fit-in/150x150/filters:strip_icc():format(jpeg):mode_rgb():quality(40)/discogs-images/R-1315531-1245656018.jpeg.jpg', '', 17),
(451, 451, ' https://img.discogs.com/37K5nOCkSqrQaHWatfSiS1i19Hw=/fit-in/600x600/filters:strip_icc():format(jpeg):mode_rgb():quality(90)/discogs-images/R-825438-1617814426-5525.jpeg.jpg', ' https://img.discogs.com/_oSB6Gd7gtka3Dr04yZQQXeEZm0=/fit-in/150x150/filters:strip_icc():format(jpeg):mode_rgb():quality(40)/discogs-images/R-825438-1617814426-5525.jpeg.jpg', '', 48),
(452, 452, ' https://img.discogs.com/RCmUh3WQLst8dnnC6JeOY26hZNg=/fit-in/600x611/filters:strip_icc():format(jpeg):mode_rgb():quality(90)/discogs-images/R-6469802-1420096956-4258.jpeg.jpg', ' https://img.discogs.com/4-bCqWSKSuUlxsVivttH4zPxnF8=/fit-in/150x150/filters:strip_icc():format(jpeg):mode_rgb():quality(40)/discogs-images/R-6469802-1420096956-4258.jpeg.jpg', '', 5),
(453, 453, ' https://img.discogs.com/j0O5G-rFQJZlhBHkDkzinLLnNkE=/fit-in/578x571/filters:strip_icc():format(jpeg):mode_rgb():quality(90)/discogs-images/R-98044-1236166476.jpeg.jpg', ' https://img.discogs.com/AnDLfmeeQImMIN_BN35No-KIbMw=/fit-in/150x150/filters:strip_icc():format(jpeg):mode_rgb():quality(40)/discogs-images/R-98044-1236166476.jpeg.jpg', '', 20),
(454, 454, ' https://img.discogs.com/MWbebGL_YT0ek55tjluQA4Z1Q_0=/fit-in/600x597/filters:strip_icc():format(jpeg):mode_rgb():quality(90)/discogs-images/R-6975577-1440934764-9507.jpeg.jpg', ' https://img.discogs.com/vVr7tx_Ek_rjoePgeF9d5XCwDR0=/fit-in/150x150/filters:strip_icc():format(jpeg):mode_rgb():quality(40)/discogs-images/R-6975577-1440934764-9507.jpeg.jpg', '', 5),
(455, 455, ' https://img.discogs.com/Y9-XuOK9MTdrnhf2yZEN5NjeXro=/fit-in/600x593/filters:strip_icc():format(jpeg):mode_rgb():quality(90)/discogs-images/R-1077770-1320261589.jpeg.jpg', ' https://img.discogs.com/3rIpOnK6RZjArCsZzntG1wUC5Vg=/fit-in/150x150/filters:strip_icc():format(jpeg):mode_rgb():quality(40)/discogs-images/R-1077770-1320261589.jpeg.jpg', '', 22),
(456, 456, ' https://img.discogs.com/0sIEXMGFepIcNdM41CS8rgz_SG8=/fit-in/600x600/filters:strip_icc():format(jpeg):mode_rgb():quality(90)/discogs-images/R-306710-1453390988-2160.jpeg.jpg', ' https://img.discogs.com/rSZ0SVQW-9NI8ec2JjaStsm9Uro=/fit-in/150x150/filters:strip_icc():format(jpeg):mode_rgb():quality(40)/discogs-images/R-306710-1453390988-2160.jpeg.jpg', '', 30),
(457, 457, ' https://img.discogs.com/RVOdfnJ8dEAcPFnbGSNkQZK1r7c=/fit-in/500x497/filters:strip_icc():format(jpeg):mode_rgb():quality(90)/discogs-images/R-537834-1128979399.jpeg.jpg', ' https://img.discogs.com/kLMkFEe6pBv0nT8hhDLfZoq7jag=/fit-in/150x150/filters:strip_icc():format(jpeg):mode_rgb():quality(40)/discogs-images/R-537834-1128979399.jpeg.jpg', '', 36),
(458, 458, ' https://img.discogs.com/my9GXLkoncWLfaCi4Azuh5NYdFs=/fit-in/600x600/filters:strip_icc():format(jpeg):mode_rgb():quality(90)/discogs-images/R-4393730-1363706211-4256.jpeg.jpg', ' https://img.discogs.com/M3_DMzEOxQgOoKtmiZ80T7n7W50=/fit-in/150x150/filters:strip_icc():format(jpeg):mode_rgb():quality(40)/discogs-images/R-4393730-1363706211-4256.jpeg.jpg', '', 16),
(459, 459, ' https://img.discogs.com/JqnkPt7kQnhGcP01ALTl7VqJPNc=/fit-in/567x566/filters:strip_icc():format(jpeg):mode_rgb():quality(90)/discogs-images/R-6455010-1419680954-2433.jpeg.jpg', ' https://img.discogs.com/ZTh3FHtgQ8XANKxkwJ2zyYS0fxk=/fit-in/150x150/filters:strip_icc():format(jpeg):mode_rgb():quality(40)/discogs-images/R-6455010-1419680954-2433.jpeg.jpg', '', 8),
(460, 460, ' https://img.discogs.com/ICJ9X60biQlOwM6moQ8Xn9GTaR8=/fit-in/600x600/filters:strip_icc():format(jpeg):mode_rgb():quality(90)/discogs-images/R-367733-1291158726.jpeg.jpg', ' https://img.discogs.com/CPCK79Xy-0w5yAqUCse2ALVOGwQ=/fit-in/150x150/filters:strip_icc():format(jpeg):mode_rgb():quality(40)/discogs-images/R-367733-1291158726.jpeg.jpg', '', 38),
(461, 461, ' https://img.discogs.com/jFSQ_L5clrA08nbiSgVf3AcUKPw=/fit-in/600x600/filters:strip_icc():format(jpeg):mode_rgb():quality(90)/discogs-images/R-358127-1532197896-8323.jpeg.jpg', ' https://img.discogs.com/b3nVgbThQMGPKsDhlQ7J_wj9ZRE=/fit-in/150x150/filters:strip_icc():format(jpeg):mode_rgb():quality(40)/discogs-images/R-358127-1532197896-8323.jpeg.jpg', '', 7),
(462, 462, ' https://img.discogs.com/vK9Jii41trve-gJNRhUXSCBrKgM=/fit-in/598x595/filters:strip_icc():format(jpeg):mode_rgb():quality(90)/discogs-images/R-395081-1223476656.jpeg.jpg', ' https://img.discogs.com/Y2JMWgZOo-sOYokMw5plu5DnGsg=/fit-in/150x150/filters:strip_icc():format(jpeg):mode_rgb():quality(40)/discogs-images/R-395081-1223476656.jpeg.jpg', '', 20),
(463, 463, ' https://img.discogs.com/-OnqzZpgJejQ12Ku4-uShCBQuys=/fit-in/550x550/filters:strip_icc():format(jpeg):mode_rgb():quality(90)/discogs-images/R-468507-1385239804-3782.jpeg.jpg', ' https://img.discogs.com/7-pzd4d-ZCskujgbCnzL7URLaGA=/fit-in/150x150/filters:strip_icc():format(jpeg):mode_rgb():quality(40)/discogs-images/R-468507-1385239804-3782.jpeg.jpg', '', 49),
(464, 464, ' https://img.discogs.com/8fmaipAIanHiQpArQc3iMq2_5JE=/fit-in/600x597/filters:strip_icc():format(jpeg):mode_rgb():quality(90)/discogs-images/R-421436-1457155527-8640.jpeg.jpg', ' https://img.discogs.com/8QHWMTfG7t2oCdE7Kus3UB-XEZU=/fit-in/150x150/filters:strip_icc():format(jpeg):mode_rgb():quality(40)/discogs-images/R-421436-1457155527-8640.jpeg.jpg', '', 20),
(465, 465, ' https://img.discogs.com/kDmBiDnP1nEYPrMt0y6AgMzVbHg=/fit-in/596x533/filters:strip_icc():format(jpeg):mode_rgb():quality(90)/discogs-images/R-266226-1203683933.jpeg.jpg', ' https://img.discogs.com/k588sscy1uApAPQa3xwA6lLk7-E=/fit-in/150x150/filters:strip_icc():format(jpeg):mode_rgb():quality(40)/discogs-images/R-266226-1203683933.jpeg.jpg', '', 51),
(466, 466, ' https://img.discogs.com/RqoU4J2z99LHhddjbZ8z9wMQBsg=/fit-in/600x600/filters:strip_icc():format(jpeg):mode_rgb():quality(90)/discogs-images/R-367315-1284410494.jpeg.jpg', ' https://img.discogs.com/f46A4ZDs1WpwgQC3Jv5yc8snLLY=/fit-in/150x150/filters:strip_icc():format(jpeg):mode_rgb():quality(40)/discogs-images/R-367315-1284410494.jpeg.jpg', '', 45),
(467, 467, ' https://img.discogs.com/PYERWj4hcM4MewD1eIyoeYoG5S8=/fit-in/600x600/filters:strip_icc():format(jpeg):mode_rgb():quality(90)/discogs-images/R-1709195-1620559920-3465.jpeg.jpg', ' https://img.discogs.com/OP8gLugULP143BEF-bZFo9cbi5c=/fit-in/150x150/filters:strip_icc():format(jpeg):mode_rgb():quality(40)/discogs-images/R-1709195-1620559920-3465.jpeg.jpg', '', 20),
(468, 468, ' https://img.discogs.com/O-XhLJIkgKISy3w4tTETFNc5kLA=/fit-in/600x573/filters:strip_icc():format(jpeg):mode_rgb():quality(90)/discogs-images/R-6333794-1416708691-9365.jpeg.jpg', ' https://img.discogs.com/jd0f1pWy5ZaLNfXH-WWC7H2qLVs=/fit-in/150x150/filters:strip_icc():format(jpeg):mode_rgb():quality(40)/discogs-images/R-6333794-1416708691-9365.jpeg.jpg', '', 4),
(469, 469, ' https://img.discogs.com/f-Dq4kkDrwVen2aIocf7xF7lDOU=/600x381/smart/filters:strip_icc():format(jpeg):mode_rgb():quality(90)/discogs-images/A-18231-1632240337-2652.jpeg.jpg', ' https://img.discogs.com/MbYpRj1GnFNk0m_WNJ11LhEWCiM=/150x150/smart/filters:strip_icc():format(jpeg):mode_rgb():quality(40)/discogs-images/A-18231-1632240337-2652.jpeg.jpg', '', 53),
(470, 470, ' https://img.discogs.com/x0l1Ksbdx_xKdJu2Vts2BBLYeL8=/fit-in/600x603/filters:strip_icc():format(jpeg):mode_rgb():quality(90)/discogs-images/R-123019-1292361782.jpeg.jpg', ' https://img.discogs.com/PyZHAO_Aof77cNBAmBpVC3kXrQ4=/fit-in/150x150/filters:strip_icc():format(jpeg):mode_rgb():quality(40)/discogs-images/R-123019-1292361782.jpeg.jpg', '', 40),
(471, 471, ' https://img.discogs.com/0UhHt32l5jBExbG8OGM1sigB0XQ=/fit-in/595x600/filters:strip_icc():format(jpeg):mode_rgb():quality(90)/discogs-images/R-1005589-1413626931-1896.jpeg.jpg', ' https://img.discogs.com/VEk5uIX4Hq-ClTOVRK7_s_I7sQg=/fit-in/150x150/filters:strip_icc():format(jpeg):mode_rgb():quality(40)/discogs-images/R-1005589-1413626931-1896.jpeg.jpg', '', 35),
(472, 472, ' https://img.discogs.com/33O748VhMPHOi1Ds_uCbDCO6dAE=/fit-in/600x600/filters:strip_icc():format(jpeg):mode_rgb():quality(90)/discogs-images/R-413315-1514466651-4484.jpeg.jpg', ' https://img.discogs.com/XFZ4hzjZY6QzkW-XNuZrW-5EAaQ=/fit-in/150x150/filters:strip_icc():format(jpeg):mode_rgb():quality(40)/discogs-images/R-413315-1514466651-4484.jpeg.jpg', '', 20),
(473, 473, ' https://img.discogs.com/QUOGEVub9J4ZJvg8AYihq1aq2wU=/600x337/smart/filters:strip_icc():format(jpeg):mode_rgb():quality(90)/discogs-images/A-83080-1586981946-1512.webp.jpg', ' https://img.discogs.com/UQMDMsfQp4qYHW4up5fWIpdQX_M=/150x150/smart/filters:strip_icc():format(jpeg):mode_rgb():quality(40)/discogs-images/A-83080-1586981946-1512.webp.jpg', '', 22),
(474, 474, ' https://img.discogs.com/aqDMMaJR_akzDU-J-YSClNqbcmw=/fit-in/599x594/filters:strip_icc():format(jpeg):mode_rgb():quality(90)/discogs-images/R-376018-1201382979.jpeg.jpg', ' https://img.discogs.com/OdAtpilKuAzo2DR0OyMeerTEcGc=/fit-in/150x150/filters:strip_icc():format(jpeg):mode_rgb():quality(40)/discogs-images/R-376018-1201382979.jpeg.jpg', '', 21),
(475, 475, ' https://img.discogs.com/yBj3luSRd10DQDUfHdpPNwmHA9g=/600x900/smart/filters:strip_icc():format(jpeg):mode_rgb():quality(90)/discogs-images/A-55029-1236334161.jpeg.jpg', ' https://img.discogs.com/heGFU7nqTOK_bbSlJTC8oXHZUkk=/150x150/smart/filters:strip_icc():format(jpeg):mode_rgb():quality(40)/discogs-images/A-55029-1236334161.jpeg.jpg', '', 7),
(476, 476, ' https://img.discogs.com/VSWBHhmTV-KeZS8yrzMTZncu_mM=/600x705/smart/filters:strip_icc():format(jpeg):mode_rgb():quality(90)/discogs-images/A-65049-1476549718-2125.jpeg.jpg', ' https://img.discogs.com/U-Au3aTbXnfVxhB2cKtqzeJVtFs=/150x150/smart/filters:strip_icc():format(jpeg):mode_rgb():quality(40)/discogs-images/A-65049-1476549718-2125.jpeg.jpg', '', 44),
(477, 477, ' https://img.discogs.com/Rcvt3Ar4qXr9Q5xeW9q5RCtFtX8=/fit-in/298x600/filters:strip_icc():format(jpeg):mode_rgb():quality(90)/discogs-images/R-2656295-1295224843.jpeg.jpg', ' https://img.discogs.com/9iwgdImx2HvkMNCgci6K8TM8_XY=/fit-in/150x150/filters:strip_icc():format(jpeg):mode_rgb():quality(40)/discogs-images/R-2656295-1295224843.jpeg.jpg', '', 53),
(478, 478, ' https://img.discogs.com/UIR7zTRTOmWgbU-VrCKF8NtQm94=/fit-in/600x595/filters:strip_icc():format(jpeg):mode_rgb():quality(90)/discogs-images/R-15195542-1587936925-6000.jpeg.jpg', ' https://img.discogs.com/r0yFE0tmUBvOdOZGx6E0JxurO_4=/fit-in/150x150/filters:strip_icc():format(jpeg):mode_rgb():quality(40)/discogs-images/R-15195542-1587936925-6000.jpeg.jpg', '', 45),
(479, 479, ' https://img.discogs.com/juyStQLEJ_KMaY7f27imSXHe2fU=/fit-in/600x609/filters:strip_icc():format(jpeg):mode_rgb():quality(90)/discogs-images/R-773587-1252593571.jpeg.jpg', ' https://img.discogs.com/qNvYz8XBH2ssFE6VaThz4gDCbjk=/fit-in/150x150/filters:strip_icc():format(jpeg):mode_rgb():quality(40)/discogs-images/R-773587-1252593571.jpeg.jpg', '', 5),
(480, 480, ' https://img.discogs.com/s9X3DMJDY-l5mOJjFUK3--BtwxQ=/fit-in/600x600/filters:strip_icc():format(jpeg):mode_rgb():quality(90)/discogs-images/R-184946-1294103525.jpeg.jpg', ' https://img.discogs.com/1QE4yurBFiWwe6UBl4fKnPgCswY=/fit-in/150x150/filters:strip_icc():format(jpeg):mode_rgb():quality(40)/discogs-images/R-184946-1294103525.jpeg.jpg', '', 34),
(481, 481, ' https://img.discogs.com/9mMFSslrPM8jsQoJ_lthzXl6NcA=/473x423/smart/filters:strip_icc():format(jpeg):mode_rgb():quality(90)/discogs-images/A-44944-1279459681.jpeg.jpg', ' https://img.discogs.com/BpEkV7LDX1CqvhBI7HWJQ_NnHoo=/150x150/smart/filters:strip_icc():format(jpeg):mode_rgb():quality(40)/discogs-images/A-44944-1279459681.jpeg.jpg', '', 27),
(482, 482, ' https://img.discogs.com/A0zJ8-ZH01Aotiw8Xum8_967vh4=/fit-in/300x300/filters:strip_icc():format(jpeg):mode_rgb():quality(90)/discogs-images/R-1379491-1296002955.jpeg.jpg', ' https://img.discogs.com/bb35ehVCBpEclMRH-VQtt1GLBe4=/fit-in/150x150/filters:strip_icc():format(jpeg):mode_rgb():quality(40)/discogs-images/R-1379491-1296002955.jpeg.jpg', '', 28),
(483, 483, ' https://img.discogs.com/m3JBaoqIYRrsvkBuQg23Q8eG5S4=/fit-in/600x592/filters:strip_icc():format(jpeg):mode_rgb():quality(90)/discogs-images/R-2379398-1592071593-7178.jpeg.jpg', ' https://img.discogs.com/lNEG_Mae0jBEZELGQdjdUcHDmVI=/fit-in/150x150/filters:strip_icc():format(jpeg):mode_rgb():quality(40)/discogs-images/R-2379398-1592071593-7178.jpeg.jpg', '', 7),
(484, 484, ' https://img.discogs.com/UFVMjcsz28bY4ld9gala6I0vPGg=/fit-in/600x600/filters:strip_icc():format(jpeg):mode_rgb():quality(90)/discogs-images/R-2587381-1430226102-8255.jpeg.jpg', ' https://img.discogs.com/2Cyr2aVsyW7_jwI83wXPyKYzyuA=/fit-in/150x150/filters:strip_icc():format(jpeg):mode_rgb():quality(40)/discogs-images/R-2587381-1430226102-8255.jpeg.jpg', '', 6),
(485, 485, ' https://img.discogs.com/PR2dOEZOko3Sy0p4aZGJoQJJlKQ=/fit-in/600x593/filters:strip_icc():format(jpeg):mode_rgb():quality(90)/discogs-images/R-464904-1498739748-6715.jpeg.jpg', ' https://img.discogs.com/PJF-hy36B-ps32tIQMFqEzFolXE=/fit-in/150x150/filters:strip_icc():format(jpeg):mode_rgb():quality(40)/discogs-images/R-464904-1498739748-6715.jpeg.jpg', '', 38),
(486, 486, ' https://img.discogs.com/hbYs1tMjCO134xBQgee4JfP7fQ4=/fit-in/600x607/filters:strip_icc():format(jpeg):mode_rgb():quality(90)/discogs-images/R-502117-1528709653-7377.jpeg.jpg', ' https://img.discogs.com/YjGPY8szdUpVt1is-Ya3-3ax-hw=/fit-in/150x150/filters:strip_icc():format(jpeg):mode_rgb():quality(40)/discogs-images/R-502117-1528709653-7377.jpeg.jpg', '', 12),
(487, 487, ' https://img.discogs.com/i-0m9WW_Sl5ebkSYsLZ-bJdBKUc=/fit-in/600x589/filters:strip_icc():format(jpeg):mode_rgb():quality(90)/discogs-images/R-208008-1473061364-7141.jpeg.jpg', ' https://img.discogs.com/fA6UBfHZn-FogCxNHH6xOp1MaHc=/fit-in/150x150/filters:strip_icc():format(jpeg):mode_rgb():quality(40)/discogs-images/R-208008-1473061364-7141.jpeg.jpg', '', 47),
(488, 488, ' https://img.discogs.com/8jG8aK0P4EyiH0c8QcLsm5c3CYQ=/fit-in/600x600/filters:strip_icc():format(jpeg):mode_rgb():quality(90)/discogs-images/R-2352904-1278972279.jpeg.jpg', ' https://img.discogs.com/fNeVMzXHoW7jQpF9LIjq2Y-6kvI=/fit-in/150x150/filters:strip_icc():format(jpeg):mode_rgb():quality(40)/discogs-images/R-2352904-1278972279.jpeg.jpg', '', 40),
(489, 489, ' https://img.discogs.com/4A1OvYjWG_LH22FL5BfQHYELebc=/fit-in/600x600/filters:strip_icc():format(jpeg):mode_rgb():quality(90)/discogs-images/R-702504-1149574014.jpeg.jpg', ' https://img.discogs.com/n611kE1BuGdnJSG4PJ4qLQ18vrQ=/fit-in/150x150/filters:strip_icc():format(jpeg):mode_rgb():quality(40)/discogs-images/R-702504-1149574014.jpeg.jpg', '', 9),
(490, 490, ' https://img.discogs.com/N73WUm8QwpDRRCC35pLS9lEY0b0=/fit-in/600x599/filters:strip_icc():format(jpeg):mode_rgb():quality(90)/discogs-images/R-840158-1465273920-7140.jpeg.jpg', ' https://img.discogs.com/t4A_HJtbDahEPF3cmMo3Rvp-DpY=/fit-in/150x150/filters:strip_icc():format(jpeg):mode_rgb():quality(40)/discogs-images/R-840158-1465273920-7140.jpeg.jpg', '', 17),
(491, 491, ' https://img.discogs.com/qOHV-FGR2P3kf3cEQ5TznW97smY=/fit-in/450x450/filters:strip_icc():format(jpeg):mode_rgb():quality(90)/discogs-images/R-2996095-1330023837.jpeg.jpg', ' https://img.discogs.com/tcoEFTJLKWuJ0ZDHmyDuMUKcfCk=/fit-in/150x150/filters:strip_icc():format(jpeg):mode_rgb():quality(40)/discogs-images/R-2996095-1330023837.jpeg.jpg', '', 2),
(492, 492, ' https://img.discogs.com/Pk7XRRJ2CjSB8KGm4VmhxQOd3ck=/fit-in/600x589/filters:strip_icc():format(jpeg):mode_rgb():quality(90)/discogs-images/R-8139481-1458054503-9022.jpeg.jpg', ' https://img.discogs.com/_tvvwpGfbbQX9WtUOQJiG8T81bA=/fit-in/150x150/filters:strip_icc():format(jpeg):mode_rgb():quality(40)/discogs-images/R-8139481-1458054503-9022.jpeg.jpg', '', 47),
(493, 493, ' https://img.discogs.com/B6KAmbhUxktXZ308Y3UDxyPfCfQ=/fit-in/600x600/filters:strip_icc():format(jpeg):mode_rgb():quality(90)/discogs-images/R-4426525-1409338534-9032.jpeg.jpg', ' https://img.discogs.com/ONbGdSHJdLIMrYJ-vSCRR41KUVk=/fit-in/150x150/filters:strip_icc():format(jpeg):mode_rgb():quality(40)/discogs-images/R-4426525-1409338534-9032.jpeg.jpg', '', 45),
(494, 494, ' https://img.discogs.com/poPJLCGuwMEofamWliARpXE_Das=/fit-in/600x600/filters:strip_icc():format(jpeg):mode_rgb():quality(90)/discogs-images/R-9512640-1481876892-6605.jpeg.jpg', ' https://img.discogs.com/5ODG6qp2SkIGAOPncbTNE0FbAPY=/fit-in/150x150/filters:strip_icc():format(jpeg):mode_rgb():quality(40)/discogs-images/R-9512640-1481876892-6605.jpeg.jpg', '', 54),
(495, 495, ' https://img.discogs.com/mFJrzDdoURC5S0IiIsUO9RRK5Ik=/fit-in/600x597/filters:strip_icc():format(jpeg):mode_rgb():quality(90)/discogs-images/R-4456899-1373122609-2911.jpeg.jpg', ' https://img.discogs.com/ycPv6WUjicr5aDkqxVUb8njF4_g=/fit-in/150x150/filters:strip_icc():format(jpeg):mode_rgb():quality(40)/discogs-images/R-4456899-1373122609-2911.jpeg.jpg', '', 6),
(496, 496, ' https://img.discogs.com/B62IF_sve327vg-N5oxdXP3VsKk=/fit-in/600x600/filters:strip_icc():format(jpeg):mode_rgb():quality(90)/discogs-images/R-12336305-1533332955-7706.jpeg.jpg', ' https://img.discogs.com/1y-iNLu7Ndn-ttew4TaXAJXfhEA=/fit-in/150x150/filters:strip_icc():format(jpeg):mode_rgb():quality(40)/discogs-images/R-12336305-1533332955-7706.jpeg.jpg', '', 11),
(497, 497, ' https://img.discogs.com/MfmlAw-VRJBS_5hpXnF3o7zZ3CQ=/fit-in/600x600/filters:strip_icc():format(jpeg):mode_rgb():quality(90)/discogs-images/R-501660-1463253575-1113.jpeg.jpg', ' https://img.discogs.com/GpDCdI9OTeG-TkJ9lDxDOrCUcIA=/fit-in/150x150/filters:strip_icc():format(jpeg):mode_rgb():quality(40)/discogs-images/R-501660-1463253575-1113.jpeg.jpg', '', 21),
(498, 498, ' https://img.discogs.com/dCCmODvGlyqnWVz3R5_N7OkVlJQ=/fit-in/599x615/filters:strip_icc():format(jpeg):mode_rgb():quality(90)/discogs-images/R-156092-1613371362-4033.jpeg.jpg', ' https://img.discogs.com/vGCYC4iioYfG8lSPjnjVg8zZ75c=/fit-in/150x150/filters:strip_icc():format(jpeg):mode_rgb():quality(40)/discogs-images/R-156092-1613371362-4033.jpeg.jpg', '', 43),
(499, 499, ' https://img.discogs.com/tTIB2PZZkV_bF333qARprUuJ95Y=/fit-in/280x280/filters:strip_icc():format(jpeg):mode_rgb():quality(90)/discogs-images/R-3542204-1334556529.jpeg.jpg', ' https://img.discogs.com/qLwiG3QrAKZeOLwMcdQoxXKz7qI=/fit-in/150x150/filters:strip_icc():format(jpeg):mode_rgb():quality(40)/discogs-images/R-3542204-1334556529.jpeg.jpg', '', 5),
(500, 500, ' https://img.discogs.com/zJZ1m-xOfqGS2Rmo7svcBHw1gsU=/fit-in/600x600/filters:strip_icc():format(jpeg):mode_rgb():quality(90)/discogs-images/R-169325-1316298017.jpeg.jpg', ' https://img.discogs.com/QAuNHTEBWlKex1lP48uPRHvvbQg=/fit-in/150x150/filters:strip_icc():format(jpeg):mode_rgb():quality(40)/discogs-images/R-169325-1316298017.jpeg.jpg', '', 46);

-- --------------------------------------------------------

--
-- Table structure for table `albums_owned`
--

CREATE TABLE `albums_owned` (
  `albums_owned_id` int(11) NOT NULL COMMENT 'unique key for albums owned',
  `user_id` int(11) NOT NULL COMMENT 'user id key',
  `album_id` int(11) NOT NULL COMMENT 'album id key'
) ENGINE=InnoDB DEFAULT CHARSET=utf8mb4;

--
-- Dumping data for table `albums_owned`
--

INSERT INTO `albums_owned` (`albums_owned_id`, `user_id`, `album_id`) VALUES
(57, 22, 225),
(66, 22, 3),
(70, 22, 30);

-- --------------------------------------------------------

--
-- Table structure for table `album_genre`
--

CREATE TABLE `album_genre` (
  `album_genre_id` int(11) NOT NULL COMMENT 'album genre primary key',
  `album_id` int(11) NOT NULL COMMENT 'album id key',
  `Genre_id` int(11) NOT NULL COMMENT 'genre id key'
) ENGINE=InnoDB DEFAULT CHARSET=utf8mb4;

--
-- Dumping data for table `album_genre`
--

INSERT INTO `album_genre` (`album_genre_id`, `album_id`, `Genre_id`) VALUES
(1, 1, 1),
(2, 2, 1),
(3, 3, 1),
(4, 4, 1),
(5, 5, 1),
(6, 6, 2),
(7, 7, 1),
(8, 8, 1),
(9, 9, 1),
(10, 10, 1),
(11, 11, 1),
(12, 12, 3),
(13, 13, 1),
(14, 14, 1),
(15, 15, 1),
(16, 16, 1),
(17, 17, 1),
(18, 18, 1),
(19, 19, 3),
(20, 20, 2),
(21, 21, 1),
(22, 22, 4),
(23, 23, 1),
(24, 24, 2),
(25, 25, 2),
(26, 26, 1),
(27, 27, 1),
(28, 28, 1),
(29, 29, 1),
(30, 30, 5),
(31, 31, 1),
(32, 32, 1),
(33, 33, 1),
(34, 34, 1),
(35, 35, 1),
(36, 36, 1),
(37, 37, 1),
(38, 38, 6),
(39, 39, 1),
(40, 40, 1),
(41, 41, 1),
(42, 42, 1),
(43, 43, 1),
(44, 44, 1),
(45, 45, 7),
(46, 46, 8),
(47, 47, 3),
(48, 48, 9),
(49, 49, 1),
(50, 50, 1),
(51, 51, 1),
(52, 52, 2),
(53, 53, 1),
(54, 54, 3),
(55, 55, 1),
(56, 56, 1),
(57, 57, 2),
(58, 58, 1),
(59, 59, 1),
(60, 60, 1),
(61, 61, 2),
(62, 62, 1),
(63, 63, 10),
(64, 64, 1),
(65, 65, 1),
(66, 66, 3),
(67, 67, 10),
(68, 68, 2),
(69, 69, 1),
(70, 70, 1),
(71, 71, 3),
(72, 72, 2),
(73, 73, 1),
(74, 74, 1),
(75, 75, 2),
(76, 76, 10),
(77, 77, 1),
(78, 78, 2),
(79, 79, 1),
(80, 80, 1),
(81, 81, 1),
(82, 82, 1),
(83, 83, 1),
(84, 84, 2),
(85, 85, 2),
(86, 86, 1),
(87, 87, 1),
(88, 88, 6),
(89, 89, 1),
(90, 90, 2),
(91, 91, 1),
(92, 92, 1),
(93, 93, 1),
(94, 94, 6),
(95, 95, 3),
(96, 96, 1),
(97, 97, 6),
(98, 98, 1),
(99, 99, 2),
(100, 100, 1),
(101, 101, 3),
(102, 102, 1),
(103, 103, 3),
(104, 104, 1),
(105, 105, 2),
(106, 106, 1),
(107, 107, 11),
(108, 108, 1),
(109, 109, 1),
(110, 110, 1),
(111, 111, 1),
(112, 112, 1),
(113, 113, 1),
(114, 114, 1),
(115, 115, 1),
(116, 116, 1),
(117, 117, 1),
(118, 118, 9),
(119, 119, 2),
(120, 120, 1),
(121, 121, 2),
(122, 122, 8),
(123, 123, 9),
(124, 124, 1),
(125, 125, 1),
(126, 126, 8),
(127, 127, 1),
(128, 128, 1),
(129, 129, 10),
(130, 130, 1),
(131, 131, 1),
(132, 132, 10),
(133, 133, 1),
(134, 134, 9),
(135, 135, 1),
(136, 136, 1),
(137, 137, 1),
(138, 138, 9),
(139, 139, 2),
(140, 140, 10),
(141, 141, 4),
(142, 142, 1),
(143, 143, 3),
(144, 144, 9),
(145, 145, 3),
(146, 146, 1),
(147, 147, 1),
(148, 148, 1),
(149, 149, 1),
(150, 150, 1),
(151, 151, 1),
(152, 152, 10),
(153, 153, 9),
(154, 154, 4),
(155, 155, 1),
(156, 156, 9),
(157, 157, 1),
(158, 158, 1),
(159, 159, 1),
(160, 160, 1),
(161, 161, 2),
(162, 162, 10),
(163, 163, 2),
(164, 164, 1),
(165, 165, 2),
(166, 166, 1),
(167, 167, 1),
(168, 168, 1),
(169, 169, 8),
(170, 170, 1),
(171, 171, 1),
(172, 172, 1),
(173, 173, 1),
(174, 174, 1),
(175, 175, 1),
(176, 176, 1),
(177, 177, 2),
(178, 178, 2),
(179, 179, 10),
(180, 180, 1),
(181, 181, 8),
(182, 182, 1),
(183, 183, 6),
(184, 184, 10),
(185, 185, 1),
(186, 186, 2),
(187, 187, 10),
(188, 188, 1),
(189, 189, 1),
(190, 190, 1),
(191, 191, 1),
(192, 192, 1),
(193, 193, 1),
(194, 194, 1),
(195, 195, 1),
(196, 196, 1),
(197, 197, 1),
(198, 198, 4),
(199, 199, 1),
(200, 200, 1),
(201, 201, 10),
(202, 202, 1),
(203, 203, 2),
(204, 204, 1),
(205, 205, 1),
(206, 206, 2),
(207, 207, 1),
(208, 208, 1),
(209, 209, 1),
(210, 210, 1),
(211, 211, 1),
(212, 212, 1),
(213, 213, 1),
(214, 214, 2),
(215, 215, 1),
(216, 216, 1),
(217, 217, 2),
(218, 218, 1),
(219, 219, 9),
(220, 220, 2),
(221, 221, 1),
(222, 222, 2),
(223, 223, 1),
(224, 224, 1),
(225, 225, 1),
(226, 226, 1),
(227, 227, 1),
(228, 228, 9),
(229, 229, 1),
(230, 230, 1),
(231, 231, 1),
(232, 232, 1),
(233, 233, 1),
(234, 234, 1),
(235, 235, 6),
(236, 236, 2),
(237, 237, 1),
(238, 238, 4),
(239, 239, 10),
(240, 240, 1),
(241, 241, 1),
(242, 242, 9),
(243, 243, 1),
(244, 244, 9),
(245, 245, 1),
(246, 246, 10),
(247, 247, 1),
(248, 248, 3),
(249, 249, 1),
(250, 250, 9),
(251, 251, 10),
(252, 252, 9),
(253, 253, 1),
(254, 254, 2),
(255, 255, 1),
(256, 256, 10),
(257, 257, 2),
(258, 258, 1),
(259, 259, 10),
(260, 260, 5),
(261, 261, 1),
(262, 262, 1),
(263, 263, 1),
(264, 264, 1),
(265, 265, 3),
(266, 266, 1),
(267, 267, 1),
(268, 268, 1),
(269, 269, 1),
(270, 270, 1),
(271, 271, 1),
(272, 272, 1),
(273, 273, 2),
(274, 274, 2),
(275, 275, 9),
(276, 276, 2),
(277, 277, 10),
(278, 278, 4),
(279, 279, 1),
(280, 280, 1),
(281, 281, 9),
(282, 282, 4),
(283, 283, 2),
(284, 284, 10),
(285, 285, 2),
(286, 286, 2),
(287, 287, 1),
(288, 288, 1),
(289, 289, 1),
(290, 290, 2),
(291, 291, 1),
(292, 292, 1),
(293, 293, 1),
(294, 294, 1),
(295, 295, 6),
(296, 296, 1),
(297, 297, 10),
(298, 298, 9),
(299, 299, 1),
(300, 300, 1),
(301, 301, 6),
(302, 302, 9),
(303, 303, 1),
(304, 304, 1),
(305, 305, 6),
(306, 306, 10),
(307, 307, 1),
(308, 308, 3),
(309, 309, 1),
(310, 310, 1),
(311, 311, 1),
(312, 312, 1),
(313, 313, 1),
(314, 314, 9),
(315, 315, 1),
(316, 316, 1),
(317, 317, 1),
(318, 318, 2),
(319, 319, 8),
(320, 320, 10),
(321, 321, 1),
(322, 322, 1),
(323, 323, 1),
(324, 324, 1),
(325, 325, 1),
(326, 326, 10),
(327, 327, 1),
(328, 328, 1),
(329, 329, 2),
(330, 330, 1),
(331, 331, 1),
(332, 332, 1),
(333, 333, 1),
(334, 334, 1),
(335, 335, 1),
(336, 336, 10),
(337, 337, 1),
(338, 338, 1),
(339, 339, 3),
(340, 340, 1),
(341, 341, 10),
(342, 342, 10),
(343, 343, 1),
(344, 344, 1),
(345, 345, 1),
(346, 346, 9),
(347, 347, 1),
(348, 348, 1),
(349, 349, 9),
(350, 350, 1),
(351, 351, 1),
(352, 352, 1),
(353, 353, 9),
(354, 354, 3),
(355, 355, 1),
(356, 356, 1),
(357, 357, 1),
(358, 358, 3),
(359, 359, 1),
(360, 360, 1),
(361, 361, 9),
(362, 362, 1),
(363, 363, 10),
(364, 364, 1),
(365, 365, 9),
(366, 366, 6),
(367, 367, 10),
(368, 368, 1),
(369, 369, 1),
(370, 370, 1),
(371, 371, 1),
(372, 372, 1),
(373, 373, 1),
(374, 374, 1),
(375, 375, 1),
(376, 376, 10),
(377, 377, 4),
(378, 378, 1),
(379, 379, 10),
(380, 380, 8),
(381, 381, 1),
(382, 382, 1),
(383, 383, 1),
(384, 384, 1),
(385, 385, 1),
(386, 386, 3),
(387, 387, 9),
(388, 388, 2),
(389, 389, 1),
(390, 390, 1),
(391, 391, 1),
(392, 392, 1),
(393, 393, 10),
(394, 394, 1),
(395, 395, 10),
(396, 396, 1),
(397, 397, 10),
(398, 398, 1),
(399, 399, 1),
(400, 400, 10),
(401, 401, 1),
(402, 402, 9),
(403, 403, 1),
(404, 404, 2),
(405, 405, 1),
(406, 406, 1),
(407, 407, 1),
(408, 408, 1),
(409, 409, 1),
(410, 410, 1),
(411, 411, 1),
(412, 412, 1),
(413, 413, 1),
(414, 414, 1),
(415, 415, 1),
(416, 416, 10),
(417, 417, 1),
(418, 418, 1),
(419, 419, 10),
(420, 420, 1),
(421, 421, 1),
(422, 422, 1),
(423, 423, 10),
(424, 424, 1),
(425, 425, 1),
(426, 426, 1),
(427, 427, 1),
(428, 428, 1),
(429, 429, 10),
(430, 430, 1),
(431, 431, 1),
(432, 432, 1),
(433, 433, 1),
(434, 434, 1),
(435, 435, 1),
(436, 436, 1),
(437, 437, 9),
(438, 438, 1),
(439, 439, 2),
(440, 440, 1),
(441, 441, 10),
(442, 442, 1),
(443, 443, 1),
(444, 444, 2),
(445, 445, 1),
(446, 446, 1),
(447, 447, 3),
(448, 448, 1),
(449, 449, 1),
(450, 450, 1),
(451, 451, 2),
(452, 452, 6),
(453, 453, 9),
(454, 454, 1),
(455, 455, 1),
(456, 456, 2),
(457, 457, 1),
(458, 458, 1),
(459, 459, 1),
(460, 460, 1),
(461, 461, 10),
(462, 462, 1),
(463, 463, 1),
(464, 464, 1),
(465, 465, 10),
(466, 466, 1),
(467, 467, 1),
(468, 468, 1),
(469, 469, 9),
(470, 470, 9),
(471, 471, 1),
(472, 472, 10),
(473, 473, 1),
(474, 474, 1),
(475, 475, 1),
(476, 476, 9),
(477, 477, 6),
(478, 478, 6),
(479, 479, 1),
(480, 480, 9),
(481, 481, 9),
(482, 482, 1),
(483, 483, 1),
(484, 484, 1),
(485, 485, 1),
(486, 486, 2),
(487, 487, 10),
(488, 488, 1),
(489, 489, 1),
(490, 490, 1),
(491, 491, 2),
(492, 492, 10),
(493, 493, 1),
(494, 494, 10),
(495, 495, 1),
(496, 496, 1),
(497, 497, 1),
(498, 498, 1),
(499, 499, 4),
(500, 500, 9),
(501, 19, 1),
(502, 63, 1),
(503, 66, 1),
(504, 67, 1),
(505, 71, 1),
(506, 76, 1),
(507, 129, 1),
(508, 140, 1),
(509, 143, 1),
(510, 145, 1),
(511, 152, 1),
(512, 156, 1),
(513, 162, 1),
(514, 187, 1),
(515, 201, 1),
(516, 246, 1),
(517, 251, 1),
(518, 284, 1),
(519, 297, 1),
(520, 320, 1),
(521, 326, 1),
(522, 336, 1),
(523, 354, 1),
(524, 365, 1),
(525, 386, 1),
(526, 395, 1),
(527, 416, 1),
(528, 441, 1),
(529, 461, 1),
(530, 465, 1),
(531, 472, 1),
(532, 487, 1),
(533, 494, 1),
(534, 54, 2),
(535, 58, 2),
(536, 65, 2),
(537, 89, 2),
(538, 107, 2),
(539, 142, 2),
(540, 190, 2),
(541, 259, 2),
(542, 311, 2),
(543, 324, 2),
(544, 345, 2),
(545, 361, 2),
(546, 400, 2),
(547, 408, 2),
(548, 423, 2),
(549, 437, 2),
(550, 459, 2),
(551, 479, 2),
(552, 481, 2),
(553, 9, 4),
(554, 15, 4),
(555, 49, 4),
(556, 50, 4),
(557, 54, 4),
(558, 60, 4),
(559, 102, 4),
(560, 119, 4),
(561, 125, 4),
(562, 180, 4),
(563, 195, 4),
(564, 205, 4),
(565, 216, 4),
(566, 217, 4),
(567, 222, 4),
(568, 245, 4),
(569, 334, 4),
(570, 348, 4),
(571, 350, 4),
(572, 399, 4),
(573, 410, 4),
(574, 427, 4),
(575, 468, 4),
(576, 491, 4),
(577, 5, 5),
(578, 20, 5),
(579, 36, 5),
(580, 68, 5),
(581, 101, 5),
(582, 122, 5),
(583, 163, 5),
(584, 164, 5),
(585, 175, 5),
(586, 179, 5),
(587, 182, 5),
(588, 184, 5),
(589, 188, 5),
(590, 202, 5),
(591, 203, 5),
(592, 218, 5),
(593, 224, 5),
(594, 230, 5),
(595, 239, 5),
(596, 257, 5),
(597, 265, 5),
(598, 308, 5),
(599, 322, 5),
(600, 323, 5),
(601, 339, 5),
(602, 356, 5),
(603, 367, 5),
(604, 372, 5),
(605, 378, 5),
(606, 394, 5),
(607, 420, 5),
(608, 421, 5),
(609, 422, 5),
(610, 448, 5),
(611, 451, 5),
(612, 492, 5),
(613, 31, 6),
(614, 105, 6),
(615, 192, 6),
(616, 260, 6),
(617, 262, 6),
(618, 278, 6),
(619, 321, 6),
(620, 332, 6),
(621, 388, 6),
(622, 425, 6),
(623, 440, 6),
(624, 458, 6),
(625, 482, 6),
(626, 93, 8),
(627, 397, 8),
(628, 407, 8),
(629, 474, 8),
(630, 277, 9),
(631, 306, 9),
(632, 379, 9),
(633, 393, 9),
(634, 149, 11),
(635, 207, 11),
(636, 455, 11),
(637, 38, 12),
(638, 88, 12),
(639, 94, 12),
(640, 97, 12),
(641, 183, 12),
(642, 235, 12),
(643, 295, 12),
(644, 301, 12),
(645, 305, 12),
(646, 366, 12),
(647, 452, 12),
(648, 477, 12),
(649, 478, 12),
(650, 45, 13),
(651, 72, 13),
(652, 132, 13),
(653, 208, 13),
(654, 307, 13),
(655, 331, 13),
(656, 19, 4),
(657, 31, 12),
(658, 58, 5),
(659, 65, 5),
(660, 66, 2),
(661, 71, 2),
(662, 76, 2),
(663, 105, 12),
(664, 122, 6),
(665, 142, 5),
(666, 143, 2),
(667, 149, 2),
(668, 152, 5),
(669, 156, 2),
(670, 180, 5),
(671, 187, 2),
(672, 190, 6),
(673, 192, 12),
(674, 202, 6),
(675, 245, 6),
(676, 259, 5),
(677, 260, 12),
(678, 262, 12),
(679, 277, 5),
(680, 278, 12),
(681, 306, 2),
(682, 311, 4),
(683, 321, 12),
(684, 332, 12),
(685, 339, 6),
(686, 354, 5),
(687, 379, 2),
(688, 388, 12),
(689, 393, 8),
(690, 408, 4),
(691, 425, 12),
(692, 427, 5),
(693, 440, 12),
(694, 458, 12),
(695, 472, 2),
(696, 474, 11),
(697, 482, 12),
(698, 494, 5),
(699, 19, 6),
(700, 66, 6),
(701, 71, 5),
(702, 76, 13),
(703, 122, 12),
(704, 143, 4),
(705, 187, 5),
(706, 190, 12),
(707, 202, 12),
(708, 245, 12),
(709, 306, 5),
(710, 311, 5),
(711, 339, 12),
(712, 393, 5),
(713, 472, 4),
(714, 19, 12),
(715, 66, 12),
(716, 71, 6),
(717, 311, 6),
(718, 472, 5),
(719, 71, 12),
(720, 122, 13),
(721, 311, 12);

-- --------------------------------------------------------

--
-- Table structure for table `album_name`
--

CREATE TABLE `album_name` (
  `album_name_id` int(11) NOT NULL COMMENT 'album name primary key',
  `album_name` varchar(255) NOT NULL COMMENT 'name of the album'
) ENGINE=InnoDB DEFAULT CHARSET=utf8mb4;

--
-- Dumping data for table `album_name`
--

INSERT INTO `album_name` (`album_name_id`, `album_name`) VALUES
(1, 'Sgt. Pepper\'s Lonely Hearts Club Band'),
(2, 'Pet Sounds'),
(3, 'Revolver'),
(4, 'Highway 61 Revisited'),
(5, 'Rubber Soul'),
(6, 'What\'s Going On'),
(7, 'Exile on Main St.'),
(8, 'London Calling'),
(9, 'Blonde on Blonde'),
(10, 'The Beatles (\"The White Album\")'),
(11, 'The Sun Sessions'),
(12, 'Kind of Blue'),
(13, 'The Velvet Underground & Nico'),
(14, 'Abbey Road'),
(15, 'Are You Experienced'),
(16, 'Blood on the Tracks'),
(17, 'Nevermind'),
(18, 'Born to Run'),
(19, 'Astral Weeks'),
(20, 'Thriller'),
(21, 'The Great Twenty-Eight'),
(22, 'The Complete Recordings'),
(23, 'John Lennon/Plastic Ono Band'),
(24, 'Innervisions'),
(25, 'Live at the Apollo, 1962'),
(26, 'Rumours'),
(27, 'The Joshua Tree'),
(28, 'Who\'s Next'),
(29, 'Led Zeppelin'),
(30, 'Blue'),
(31, 'Bringing It All Back Home'),
(32, 'Let It Bleed'),
(33, 'Ramones'),
(34, 'Music From Big Pink'),
(35, 'The Rise and Fall of Ziggy Stardust and the Spiders From Mars'),
(36, 'Tapestry'),
(37, 'Hotel California'),
(38, 'The Anthology'),
(39, 'Please Please Me'),
(40, 'Forever Changes'),
(41, 'Never Mind the Bollocks Here\'s the Sex Pistols'),
(42, 'The Doors'),
(43, 'The Dark Side of the Moon'),
(44, 'Horses'),
(45, 'The Band (\"The Brown Album\")'),
(46, 'Legend: The Best of Bob Marley and The Wailers'),
(47, 'A Love Supreme'),
(48, 'It Takes a Nation of Millions to Hold Us Back'),
(49, 'At Fillmore East'),
(50, 'Here\'s Little Richard'),
(51, 'Bridge Over Troubled Water'),
(52, 'Greatest Hits'),
(53, 'Meet The Beatles!'),
(54, 'The Birth of Soul'),
(55, 'Electric Ladyland'),
(56, 'Elvis Presley'),
(57, 'Songs in the Key of Life'),
(58, 'Beggars Banquet'),
(59, 'Chronicle: The 20 Greatest Hits'),
(60, 'Trout Mask Replica'),
(61, 'Appetite for Destruction'),
(62, 'Achtung Baby'),
(63, 'Sticky Fingers'),
(64, 'Back to Mono (1958-1969)'),
(65, 'Moondance'),
(66, 'Kid A'),
(67, 'Off the Wall'),
(68, '[Led Zeppelin IV]'),
(69, 'The Stranger'),
(70, 'Graceland'),
(71, 'Superfly'),
(72, 'Physical Graffiti'),
(73, 'After the Gold Rush'),
(74, 'Star Time'),
(75, 'Purple Rain'),
(76, 'Back in Black'),
(77, 'Otis Blue: Otis Redding Sings Soul'),
(78, 'Led Zeppelin II'),
(79, 'Imagine'),
(80, 'The Clash'),
(81, 'Harvest'),
(82, 'Axis: Bold as Love'),
(83, 'I Never Loved a Man the Way I Love You'),
(84, 'Lady Soul'),
(85, 'Born in the U.S.A.'),
(86, 'The Wall'),
(87, 'At Folsom Prison'),
(88, 'Dusty in Memphis'),
(89, 'Talking Book'),
(90, 'Goodbye Yellow Brick Road'),
(91, '20 Golden Greats'),
(92, 'Sign \"Peace\" the Times'),
(93, '40 Greatest Hits'),
(94, 'Bitches Brew'),
(95, 'Tommy'),
(96, 'The Freewheelin\' Bob Dylan'),
(97, 'This Year\'s Model'),
(98, 'There\'s a Riot Goin\' On'),
(99, 'Odessey and Oracle'),
(100, 'In the Wee Small Hours'),
(101, 'Fresh Cream'),
(102, 'Giant Steps'),
(103, 'Sweet Baby James'),
(104, 'Modern Sounds in Country and Western Music'),
(105, 'Rocket to Russia'),
(106, 'Portrait of a Legend 1951-1964'),
(107, 'Hunky Dory'),
(108, 'Aftermath'),
(109, 'Loaded'),
(110, 'The Bends'),
(111, 'If You Can Believe Your Eyes and Ears'),
(112, 'Court and Spark'),
(113, 'Disraeli Gears'),
(114, 'The Who Sell Out'),
(115, 'Out of Our Heads'),
(116, 'Layla and Other Assorted Love Songs'),
(117, 'Late Registration'),
(118, 'At Last!'),
(119, 'Sweetheart of the Rodeo'),
(120, 'Stand!'),
(121, 'The Harder They Come'),
(122, 'Raising Hell'),
(123, 'Moby Grape'),
(124, 'Pearl'),
(125, 'Catch a Fire'),
(126, 'Younger Than Yesterday'),
(127, 'Raw Power'),
(128, 'Remain in Light'),
(129, 'Marquee Moon'),
(130, 'Paranoid'),
(131, 'Saturday Night Fever: The Original Movie Sound Track'),
(132, 'The Wild, the Innocent & the E Street Shuffle'),
(133, 'Ready to Die'),
(134, 'Slanted and Enchanted'),
(135, 'Tim'),
(136, 'The Chronic'),
(137, 'Rejuvenation'),
(138, 'Parallel Lines'),
(139, 'Live at the Regal'),
(140, 'A Christmas Gift for You From Phil Spector'),
(141, 'Gris-Gris'),
(142, 'Straight Outta Compton'),
(143, 'Aja'),
(144, 'Surrealistic Pillow'),
(145, 'Deja vu'),
(146, 'Houses of the Holy'),
(147, 'Santana'),
(148, 'Darkness on the Edge of Town'),
(149, 'Funeral'),
(150, 'The B 52\'s / Play Loud'),
(151, 'The Low End Theory'),
(152, 'Moanin\' in the Moonlight'),
(153, 'Pretenders'),
(154, 'Paul\'s Boutique'),
(155, 'Closer'),
(156, 'Captain Fantastic and the Brown Dirt Cowboy'),
(157, 'Alive!'),
(158, 'Electric Warrior'),
(159, 'The Dock of the Bay'),
(160, 'OK Computer'),
(161, '1999'),
(162, 'The Very Best of Linda Ronstadt'),
(163, 'Let\'s Get It On'),
(164, 'Imperial Bedroom'),
(165, 'Master of Puppets'),
(166, 'My Aim Is True'),
(167, 'Exodus'),
(168, 'Live at Leeds'),
(169, 'The Notorious Byrd Brothers'),
(170, 'Every Picture Tells a Story'),
(171, 'Something/Anything?'),
(172, 'Desire'),
(173, 'Close to You'),
(174, 'Rocks'),
(175, 'One Nation Under a Groove'),
(176, 'The Anthology: 1961-1977'),
(177, 'The Definitive Collection'),
(178, 'The Rolling Stones, Now!'),
(179, 'Natty Dread'),
(180, 'Fleetwood Mac'),
(181, 'Red Headed Stranger'),
(182, 'The Immaculate Collection'),
(183, 'The Stooges'),
(184, 'Fresh'),
(185, 'So'),
(186, 'Buffalo Springfield Again'),
(187, 'Happy Trails'),
(188, 'From Elvis in Memphis'),
(189, 'Fun House'),
(190, 'The Gilded Palace of Sin'),
(191, 'Dookie'),
(192, 'Transformer'),
(193, 'Blues Breakers With Eric Clapton (\"The Beano Album\")'),
(194, 'Nuggets: Original Artyfacts From the First Psychedelic Era, 1965-1968'),
(195, 'Murmur'),
(196, 'The Best of Little Walter'),
(197, 'Is This It'),
(198, 'Highway to Hell'),
(199, 'The Downward Spiral'),
(200, 'Parsley, Sage, Rosemary and Thyme'),
(201, 'Bad'),
(202, 'Modern Times'),
(203, 'Wheels of Fire'),
(204, 'Dirty Mind'),
(205, 'Abraxas'),
(206, 'Tea for the Tillerman'),
(207, 'Ten'),
(208, 'Everybody Knows This Is Nowhere'),
(209, 'Wish You Were Here'),
(210, 'Crooked Rain Crooked Rain'),
(211, 'Tattoo You'),
(212, 'Proud Mary: The Best of Ike and Tina Turner'),
(213, 'New York Dolls'),
(214, 'Bo Diddley / Go Bo Diddley'),
(215, 'Two Steps From the Blues'),
(216, 'The Queen Is Dead'),
(217, 'Licensed to Ill'),
(218, 'Look-Ka Py Py'),
(219, 'Loveless'),
(220, 'New Orleans Piano'),
(221, 'War'),
(222, 'The Neil Diamond Collection'),
(223, 'American Idiot'),
(224, 'Nebraska'),
(225, 'Doolittle'),
(226, 'Paid in Full'),
(227, 'Toys in the Attic'),
(228, 'Nick of Time'),
(229, 'A Night at the Opera'),
(230, 'The Kink Kronikles'),
(231, 'Mr. Tambourine Man'),
(232, 'Bookends'),
(233, 'The Ultimate Collection'),
(234, 'Mr. Excitement!'),
(235, 'My Generation'),
(236, 'Howlin\' Wolf'),
(237, 'Like a Prayer'),
(238, 'Can\'t Buy a Thrill'),
(239, 'Let It Be'),
(240, 'Run D.M.C.'),
(241, 'Black Sabbath'),
(242, 'The Marshall Mathers LP'),
(243, 'All Killer No Filler! The Jerry Lee Lewis Anthology'),
(244, 'Freak Out!'),
(245, 'Live/Dead'),
(246, 'The Shape of Jazz to Come'),
(247, 'Automatic for the People'),
(248, 'Reasonable Doubt'),
(249, 'Low'),
(250, 'The Blueprint'),
(251, 'The River'),
(252, 'Complete & Unbelievable: The Otis Redding Dictionary of Soul'),
(253, 'Metallica (\"The Black Album\")'),
(254, 'Trans Europa Express'),
(255, 'Whitney Houston'),
(256, 'The Kinks Are The Village Green Preservation Society'),
(257, 'The Velvet Rope'),
(258, 'Stardust'),
(259, 'American Beauty'),
(260, 'Crosby, Stills & Nash'),
(261, 'Tracy Chapman'),
(262, 'Workingman\'s Dead'),
(263, 'The Genius of Ray Charles'),
(264, 'Child Is Father to the Man'),
(265, 'Quadrophenia'),
(266, 'Paul Simon'),
(267, 'Psychocandy'),
(268, 'Some Girls'),
(269, 'The Beach Boys Today!'),
(270, 'Dig Me Out'),
(271, 'Going to a Go-Go'),
(272, 'Nightbirds'),
(273, 'The Slim Shady LP'),
(274, 'Mothership Connection'),
(275, 'Rhythm Nation 1814'),
(276, 'Anthology of American Folk Music'),
(277, 'Aladdin Sane'),
(278, 'All That You Can\'t Leave Behind'),
(279, 'My Life'),
(280, 'Folk Singer'),
(281, 'Can\'t Get Enough'),
(282, 'The Cars'),
(283, 'Music of My Mind'),
(284, 'I\'m Still in Love With You'),
(285, 'Los Angeles'),
(286, 'Anthem of the Sun'),
(287, 'Something Else by The Kinks'),
(288, 'Call Me'),
(289, 'Talking Heads: 77'),
(290, 'The Basement Tapes'),
(291, 'White Light/White Heat'),
(292, 'Kick Out the Jams'),
(293, 'Songs of Love and Hate'),
(294, 'Meat Is Murder'),
(295, 'We\'re Only in It for the Money'),
(296, 'The College Dropout'),
(297, 'Weezer (Blue Album)'),
(298, 'Master of Reality'),
(299, 'Coat of Many Colors'),
(300, 'Fear of a Black Planet'),
(301, 'John Wesley Harding'),
(302, 'Grace'),
(303, 'Car Wheels on a Gravel Road'),
(304, 'Odelay'),
(305, 'A Hard Day\'s Night'),
(306, 'Songs for Swingin\' Lovers!'),
(307, 'Willy and the Poor Boys'),
(308, 'Blood Sugar Sex Magik'),
(309, 'The Sun Records Collection'),
(310, 'Nothing\'s Shocking'),
(311, 'MTV Unplugged in New York'),
(312, 'The Miseducation of Lauryn Hill'),
(313, 'Damn the Torpedoes'),
(314, 'The Velvet Underground'),
(315, 'Surfer Rosa'),
(316, 'Back Stabbers'),
(317, 'Burnin\''),
(318, 'Amnesiac'),
(319, 'Pink Moon'),
(320, 'Sail Away'),
(321, 'Ghost in the Machine'),
(322, 'Station to Station'),
(323, 'Slowhand'),
(324, 'Disintegration'),
(325, 'Exile in Guyville'),
(326, 'Daydream Nation'),
(327, 'In the Jungle Groove'),
(328, 'Tonight\'s the Night'),
(329, 'Help!'),
(330, 'Shoot Out the Lights'),
(331, 'Wild Gift'),
(332, 'Squeezing Out Sparks'),
(333, 'Superunknown'),
(334, 'In Rainbows'),
(335, 'Aqualung'),
(336, 'Cheap Thrills'),
(337, 'The Heart of Saturday Night'),
(338, 'Damaged'),
(339, 'Play'),
(340, 'Violator'),
(341, 'Bat Out of Hell'),
(342, 'Berlin'),
(343, 'Stop Making Sense'),
(344, '3 Feet High and Rising'),
(345, 'The Piper at the Gates of Dawn'),
(346, 'Muddy Waters at Newport 1960'),
(347, 'The Black Album'),
(348, 'Roger the Engineer'),
(349, 'Rust Never Sleeps'),
(350, 'Brothers in Arms'),
(351, 'My Beautiful Dark Twisted Fantasy'),
(352, '52nd Street'),
(353, 'Having a Rave Up'),
(354, '12 Songs'),
(355, 'Between the Buttons'),
(356, 'Sketches of Spain'),
(357, 'Honky Chteau'),
(358, 'Singles Going Steady'),
(359, 'Stankonia'),
(360, 'Siamese Dream'),
(361, 'Substance 1987'),
(362, 'L.A. Woman'),
(363, 'Rage Against the Machine'),
(364, 'American Recordings'),
(365, 'Ray of Light'),
(366, 'Eagles'),
(367, 'Louder Than Bombs'),
(368, 'Mott'),
(369, 'Whatever People Say I Am, That\'s What I\'m Not'),
(370, 'Reggatta de Blanc'),
(371, 'Volunteers'),
(372, 'Siren'),
(373, 'Late for the Sky'),
(374, 'Post'),
(375, 'The Ultimate Collection: 1948-1990'),
(376, '(What\'s the Story) Morning Glory?'),
(377, 'CrazySexyCool'),
(378, 'Funky Kingston'),
(379, 'The Smile Sessions'),
(380, 'The Modern Lovers'),
(381, 'More Songs About Buildings and Food'),
(382, 'A Quick One'),
(383, '\"Love and Theft\"'),
(384, 'Pretzel Logic'),
(385, 'Enter the Wu_Tang: 36 Chambers'),
(386, 'The Indestructible Beat of Soweto'),
(387, 'The End of the Innocence'),
(388, 'Elephant'),
(389, 'The Pretender'),
(390, 'Kala'),
(391, 'Good Old Boys'),
(392, 'Sound of Silver'),
(393, 'For Your Pleasure'),
(394, 'Blue Lines'),
(395, 'Eliminator'),
(396, 'Rain Dogs'),
(397, 'Anthology: The Best of The Temptations'),
(398, 'Californication'),
(399, 'Illmatic'),
(400, '(pronounced \'leh-\'nerd \'skin-\'nerd)'),
(401, 'Dr. John\'s Gumbo'),
(402, 'Radio City'),
(403, 'Rid of Me'),
(404, 'Sandinista!'),
(405, 'I Do Not Want What I Haven\'t Got'),
(406, 'Strange Days'),
(407, 'Time Out of Mind'),
(408, '461 Ocean Boulevard'),
(409, 'Pink Flag'),
(410, 'Double Nickels on the Dime'),
(411, 'Beauty and the Beat'),
(412, 'Van Halen'),
(413, 'Mule Variations'),
(414, 'Boy'),
(415, 'Band on the Run'),
(416, 'Dummy'),
(417, 'The \"Chirping\" Crickets'),
(418, 'The Best of the Girl Groups, Volume 1'),
(419, 'Presenting the Fabulous Ronettes Featuring Veronica'),
(420, 'Anthology'),
(421, 'The Rising'),
(422, 'Grievous Angel'),
(423, 'Cheap Trick at Budokan'),
(424, 'Sleepless'),
(425, 'Outlandos d\'Amour'),
(426, 'Another Green World'),
(427, 'Vampire Weekend'),
(428, 'Stories From the City, Stories From the Sea'),
(429, 'Here Come the Warm Jets'),
(430, 'All Things Must Pass'),
(431, '#1 Record'),
(432, 'In Utero'),
(433, 'Sea Change'),
(434, 'Tha Carter III'),
(435, 'Boys Don\'t Cry'),
(436, 'Live at the Harlem Square Club, 1963'),
(437, 'Rum Sodomy & the Lash'),
(438, 'Suicide'),
(439, 'Q: Are We Not Men? A: We Are Devo!'),
(440, 'In Color'),
(441, 'The World Is a Ghetto'),
(442, 'Fly Like an Eagle'),
(443, 'Back in the USA'),
(444, 'Getz / Gilberto'),
(445, 'Synchronicity'),
(446, 'Third/Sister Lovers'),
(447, 'For Everyman'),
(448, 'Back to Black'),
(449, 'John Prine'),
(450, 'Strictly Business'),
(451, 'Love It to Death'),
(452, 'How Will the Wolf Survive?'),
(453, 'Here, My Dear'),
(454, 'Z'),
(455, 'Tumbleweed Connection'),
(456, 'The Drifters\' Golden Hits'),
(457, 'Live Through This'),
(458, 'Metal Box'),
(459, 'Document'),
(460, 'Heaven Up Here'),
(461, 'Hysteria'),
(462, '69 Love Songs'),
(463, 'A Rush of Blood to the Head'),
(464, 'Tunnel of Love'),
(465, 'The Paul Butterfield Blues Band'),
(466, 'The Score'),
(467, 'Radio'),
(468, 'I Want to See the Bright Lights Tonight'),
(469, 'Faith'),
(470, 'The Smiths'),
(471, 'Proxima estacion: Esperanza'),
(472, 'Armed Forces'),
(473, 'Life After Death'),
(474, 'Down Every Road'),
(475, 'All Time Greatest Hits'),
(476, 'Maggot Brain'),
(477, 'Only Built 4 Cuban Linx'),
(478, 'Voodoo'),
(479, 'Guitar Town'),
(480, 'Entertainment!'),
(481, 'All the Young Dudes'),
(482, 'Vitalogy'),
(483, 'That\'s the Way of the World'),
(484, 'She\'s So Unusual'),
(485, 'New Day Rising'),
(486, 'Destroyer'),
(487, 'Tres hombres'),
(488, 'Born Under a Bad Sign'),
(489, 'Touch'),
(490, 'Yankee Hotel Foxtrot'),
(491, 'Oracular Spectacular'),
(492, 'Give It Up'),
(493, 'Boz Scaggs'),
(494, 'White Blood Cells'),
(495, 'The Stone Roses'),
(496, 'Live in Cook County Jail'),
(497, 'Aquemini');

-- --------------------------------------------------------

--
-- Table structure for table `album_name_album`
--

CREATE TABLE `album_name_album` (
  `album_name_album_id` int(11) NOT NULL COMMENT 'album name album primary key',
  `album_id` int(11) NOT NULL COMMENT 'album primary key',
  `album_name_id` int(11) NOT NULL COMMENT 'album name key'
) ENGINE=InnoDB DEFAULT CHARSET=utf8mb4;

--
-- Dumping data for table `album_name_album`
--

INSERT INTO `album_name_album` (`album_name_album_id`, `album_id`, `album_name_id`) VALUES
(1, 1, 1),
(2, 2, 2),
(3, 3, 3),
(4, 4, 4),
(5, 5, 5),
(6, 6, 6),
(7, 7, 7),
(8, 8, 8),
(9, 9, 9),
(10, 10, 10),
(11, 11, 11),
(12, 12, 12),
(13, 13, 13),
(14, 14, 14),
(15, 15, 15),
(16, 16, 16),
(17, 17, 17),
(18, 18, 18),
(19, 19, 19),
(20, 20, 20),
(21, 21, 21),
(22, 22, 22),
(23, 23, 23),
(24, 24, 24),
(25, 25, 25),
(26, 26, 26),
(27, 27, 27),
(28, 28, 28),
(29, 29, 29),
(30, 30, 30),
(31, 31, 31),
(32, 32, 32),
(33, 33, 33),
(34, 34, 34),
(35, 35, 35),
(36, 36, 36),
(37, 37, 37),
(38, 38, 38),
(39, 39, 39),
(40, 40, 40),
(41, 41, 41),
(42, 42, 42),
(43, 43, 43),
(44, 44, 44),
(45, 45, 45),
(46, 46, 46),
(47, 47, 47),
(48, 48, 48),
(49, 49, 49),
(50, 50, 50),
(51, 51, 51),
(52, 52, 52),
(53, 53, 53),
(54, 54, 54),
(55, 55, 55),
(56, 56, 56),
(57, 57, 57),
(58, 58, 58),
(59, 59, 59),
(60, 60, 60),
(61, 61, 52),
(62, 62, 61),
(63, 63, 62),
(64, 64, 63),
(65, 65, 64),
(66, 66, 65),
(67, 67, 66),
(68, 68, 67),
(69, 69, 68),
(70, 70, 69),
(71, 71, 70),
(72, 72, 71),
(73, 73, 72),
(74, 74, 73),
(75, 75, 74),
(76, 76, 75),
(77, 77, 76),
(78, 78, 77),
(79, 79, 78),
(80, 80, 79),
(81, 81, 80),
(82, 82, 81),
(83, 83, 82),
(84, 84, 83),
(85, 85, 84),
(86, 86, 85),
(87, 87, 86),
(88, 88, 87),
(89, 89, 88),
(90, 90, 89),
(91, 91, 90),
(92, 92, 91),
(93, 93, 92),
(94, 94, 93),
(95, 95, 94),
(96, 96, 95),
(97, 97, 96),
(98, 98, 97),
(99, 99, 98),
(100, 100, 99),
(101, 101, 100),
(102, 102, 101),
(103, 103, 102),
(104, 104, 103),
(105, 105, 104),
(106, 106, 105),
(107, 107, 106),
(108, 108, 107),
(109, 109, 108),
(110, 110, 109),
(111, 111, 110),
(112, 112, 111),
(113, 113, 112),
(114, 114, 113),
(115, 115, 114),
(116, 116, 115),
(117, 117, 116),
(118, 118, 117),
(119, 119, 118),
(120, 120, 119),
(121, 121, 120),
(122, 122, 121),
(123, 123, 122),
(124, 124, 123),
(125, 125, 124),
(126, 126, 125),
(127, 127, 126),
(128, 128, 127),
(129, 129, 128),
(130, 130, 129),
(131, 131, 130),
(132, 132, 131),
(133, 133, 132),
(134, 134, 133),
(135, 135, 134),
(136, 136, 52),
(137, 137, 135),
(138, 138, 136),
(139, 139, 137),
(140, 140, 138),
(141, 141, 139),
(142, 142, 140),
(143, 143, 141),
(144, 144, 142),
(145, 145, 143),
(146, 146, 144),
(147, 147, 145),
(148, 148, 146),
(149, 149, 147),
(150, 150, 148),
(151, 151, 149),
(152, 152, 150),
(153, 153, 151),
(154, 154, 152),
(155, 155, 153),
(156, 156, 154),
(157, 157, 155),
(158, 158, 156),
(159, 159, 157),
(160, 160, 158),
(161, 161, 159),
(162, 162, 160),
(163, 163, 161),
(164, 164, 162),
(165, 165, 163),
(166, 166, 164),
(167, 167, 165),
(168, 168, 166),
(169, 169, 167),
(170, 170, 168),
(171, 171, 169),
(172, 172, 170),
(173, 173, 171),
(174, 174, 172),
(175, 175, 173),
(176, 176, 174),
(177, 177, 175),
(178, 178, 176),
(179, 179, 177),
(180, 180, 178),
(181, 181, 179),
(182, 182, 180),
(183, 183, 181),
(184, 184, 182),
(185, 185, 183),
(186, 186, 184),
(187, 187, 185),
(188, 188, 186),
(189, 189, 187),
(190, 190, 188),
(191, 191, 189),
(192, 192, 190),
(193, 193, 191),
(194, 194, 192),
(195, 195, 193),
(196, 196, 194),
(197, 197, 195),
(198, 198, 196),
(199, 199, 197),
(200, 200, 198),
(201, 201, 199),
(202, 202, 200),
(203, 203, 201),
(204, 204, 202),
(205, 205, 203),
(206, 206, 204),
(207, 207, 205),
(208, 208, 206),
(209, 209, 207),
(210, 210, 208),
(211, 211, 209),
(212, 212, 210),
(213, 213, 211),
(214, 214, 212),
(215, 215, 213),
(216, 216, 214),
(217, 217, 215),
(218, 218, 216),
(219, 219, 217),
(220, 220, 218),
(221, 221, 219),
(222, 222, 220),
(223, 223, 221),
(224, 224, 222),
(225, 225, 223),
(226, 226, 224),
(227, 227, 225),
(228, 228, 226),
(229, 229, 227),
(230, 230, 228),
(231, 231, 229),
(232, 232, 230),
(233, 233, 231),
(234, 234, 232),
(235, 235, 233),
(236, 236, 234),
(237, 237, 235),
(238, 238, 236),
(239, 239, 237),
(240, 240, 238),
(241, 241, 239),
(242, 242, 240),
(243, 243, 241),
(244, 244, 242),
(245, 245, 243),
(246, 246, 244),
(247, 247, 245),
(248, 248, 246),
(249, 249, 247),
(250, 250, 248),
(251, 251, 249),
(252, 252, 250),
(253, 253, 251),
(254, 254, 252),
(255, 255, 253),
(256, 256, 254),
(257, 257, 255),
(258, 258, 256),
(259, 259, 257),
(260, 260, 258),
(261, 261, 259),
(262, 262, 260),
(263, 263, 261),
(264, 264, 262),
(265, 265, 263),
(266, 266, 264),
(267, 267, 265),
(268, 268, 266),
(269, 269, 267),
(270, 270, 268),
(271, 271, 269),
(272, 272, 270),
(273, 273, 271),
(274, 274, 272),
(275, 275, 273),
(276, 276, 274),
(277, 277, 275),
(278, 278, 276),
(279, 279, 277),
(280, 280, 278),
(281, 281, 279),
(282, 282, 280),
(283, 283, 281),
(284, 284, 282),
(285, 285, 283),
(286, 286, 284),
(287, 287, 285),
(288, 288, 286),
(289, 289, 287),
(290, 290, 288),
(291, 291, 289),
(292, 292, 290),
(293, 293, 291),
(294, 294, 292),
(295, 295, 293),
(296, 296, 294),
(297, 297, 295),
(298, 298, 296),
(299, 299, 297),
(300, 300, 298),
(301, 301, 299),
(302, 302, 300),
(303, 303, 301),
(304, 304, 302),
(305, 305, 303),
(306, 306, 304),
(307, 307, 305),
(308, 308, 306),
(309, 309, 307),
(310, 310, 308),
(311, 311, 309),
(312, 312, 310),
(313, 313, 311),
(314, 314, 312),
(315, 315, 313),
(316, 316, 314),
(317, 317, 315),
(318, 318, 316),
(319, 319, 317),
(320, 320, 318),
(321, 321, 319),
(322, 322, 320),
(323, 323, 321),
(324, 324, 322),
(325, 325, 323),
(326, 326, 324),
(327, 327, 325),
(328, 328, 326),
(329, 329, 327),
(330, 330, 328),
(331, 331, 329),
(332, 332, 330),
(333, 333, 331),
(334, 334, 332),
(335, 335, 333),
(336, 336, 334),
(337, 337, 335),
(338, 338, 336),
(339, 339, 337),
(340, 340, 338),
(341, 341, 339),
(342, 342, 340),
(343, 343, 341),
(344, 344, 342),
(345, 345, 343),
(346, 346, 344),
(347, 347, 345),
(348, 348, 346),
(349, 349, 347),
(350, 350, 348),
(351, 351, 349),
(352, 352, 350),
(353, 353, 351),
(354, 354, 352),
(355, 355, 353),
(356, 356, 354),
(357, 357, 355),
(358, 358, 356),
(359, 359, 357),
(360, 360, 358),
(361, 361, 359),
(362, 362, 360),
(363, 363, 361),
(364, 364, 362),
(365, 365, 363),
(366, 366, 364),
(367, 367, 365),
(368, 368, 366),
(369, 369, 367),
(370, 370, 368),
(371, 371, 369),
(372, 372, 370),
(373, 373, 371),
(374, 374, 372),
(375, 375, 373),
(376, 376, 374),
(377, 377, 375),
(378, 378, 376),
(379, 379, 377),
(380, 380, 378),
(381, 381, 379),
(382, 382, 380),
(383, 383, 381),
(384, 384, 382),
(385, 385, 383),
(386, 386, 384),
(387, 387, 385),
(388, 388, 386),
(389, 389, 387),
(390, 390, 388),
(391, 391, 389),
(392, 392, 239),
(393, 393, 390),
(394, 394, 391),
(395, 395, 392),
(396, 396, 393),
(397, 397, 394),
(398, 398, 395),
(399, 399, 396),
(400, 400, 397),
(401, 401, 398),
(402, 402, 399),
(403, 403, 400),
(404, 404, 401),
(405, 405, 402),
(406, 406, 403),
(407, 407, 404),
(408, 408, 405),
(409, 409, 406),
(410, 410, 407),
(411, 411, 408),
(412, 412, 409),
(413, 413, 410),
(414, 414, 411),
(415, 415, 412),
(416, 416, 413),
(417, 417, 414),
(418, 418, 415),
(419, 419, 416),
(420, 420, 417),
(421, 421, 418),
(422, 422, 419),
(423, 423, 420),
(424, 424, 421),
(425, 425, 422),
(426, 426, 423),
(427, 427, 424),
(428, 428, 425),
(429, 429, 426),
(430, 430, 427),
(431, 431, 428),
(432, 432, 429),
(433, 433, 430),
(434, 434, 431),
(435, 435, 432),
(436, 436, 433),
(437, 437, 434),
(438, 438, 435),
(439, 439, 436),
(440, 440, 437),
(441, 441, 438),
(442, 442, 439),
(443, 443, 440),
(444, 444, 441),
(445, 445, 442),
(446, 446, 443),
(447, 447, 444),
(448, 448, 445),
(449, 449, 446),
(450, 450, 447),
(451, 451, 448),
(452, 452, 449),
(453, 453, 450),
(454, 454, 451),
(455, 455, 452),
(456, 456, 453),
(457, 457, 454),
(458, 458, 455),
(459, 459, 456),
(460, 460, 457),
(461, 461, 458),
(462, 462, 459),
(463, 463, 460),
(464, 464, 461),
(465, 465, 462),
(466, 466, 463),
(467, 467, 464),
(468, 468, 465),
(469, 469, 466),
(470, 470, 467),
(471, 471, 468),
(472, 472, 469),
(473, 473, 470),
(474, 474, 471),
(475, 475, 472),
(476, 476, 473),
(477, 477, 474),
(478, 478, 475),
(479, 479, 476),
(480, 480, 477),
(481, 481, 478),
(482, 482, 479),
(483, 483, 480),
(484, 484, 481),
(485, 485, 482),
(486, 486, 483),
(487, 487, 484),
(488, 488, 485),
(489, 489, 486),
(490, 490, 487),
(491, 491, 488),
(492, 492, 489),
(493, 493, 490),
(494, 494, 491),
(495, 495, 492),
(496, 496, 493),
(497, 497, 494),
(498, 498, 495),
(499, 499, 496),
(500, 500, 497);

-- --------------------------------------------------------

--
-- Table structure for table `album_subgenre`
--

CREATE TABLE `album_subgenre` (
  `album_subgenre_id` int(11) NOT NULL COMMENT 'album subgenre primary key',
  `album_id` int(11) NOT NULL COMMENT 'album key',
  `subgenre_id` int(11) NOT NULL COMMENT 'subgenre key'
) ENGINE=InnoDB DEFAULT CHARSET=utf8mb4;

--
-- Dumping data for table `album_subgenre`
--

INSERT INTO `album_subgenre` (`album_subgenre_id`, `album_id`, `subgenre_id`) VALUES
(1, 2, 1),
(2, 5, 1),
(3, 18, 1),
(4, 23, 1),
(5, 26, 1),
(6, 63, 1),
(7, 70, 1),
(8, 76, 1),
(9, 80, 1),
(10, 86, 1),
(11, 89, 1),
(12, 91, 1),
(13, 142, 1),
(14, 150, 1),
(15, 158, 1),
(16, 172, 1),
(17, 175, 1),
(18, 180, 1),
(19, 203, 1),
(20, 223, 1),
(21, 225, 1),
(22, 271, 1),
(23, 280, 1),
(24, 289, 1),
(25, 343, 1),
(26, 354, 1),
(27, 356, 1),
(28, 359, 1),
(29, 375, 1),
(30, 381, 1),
(31, 389, 1),
(32, 392, 1),
(33, 394, 1),
(34, 398, 1),
(35, 414, 1),
(36, 418, 1),
(37, 421, 1),
(38, 423, 1),
(39, 433, 1),
(40, 445, 1),
(41, 450, 1),
(42, 487, 1),
(43, 496, 1),
(44, 3, 1),
(45, 10, 1),
(46, 27, 1),
(47, 65, 1),
(48, 71, 1),
(49, 109, 1),
(50, 112, 1),
(51, 113, 1),
(52, 140, 1),
(53, 164, 1),
(54, 168, 1),
(55, 173, 1),
(56, 182, 1),
(57, 187, 1),
(58, 202, 1),
(59, 208, 1),
(60, 230, 1),
(61, 231, 1),
(62, 232, 1),
(63, 253, 1),
(64, 258, 1),
(65, 268, 1),
(66, 284, 1),
(67, 350, 1),
(68, 372, 1),
(69, 374, 1),
(70, 386, 1),
(71, 391, 1),
(72, 417, 1),
(73, 426, 1),
(74, 427, 1),
(75, 443, 1),
(76, 448, 1),
(77, 466, 1),
(78, 475, 1),
(79, 14, 1),
(80, 233, 1),
(81, 307, 1),
(82, 315, 1),
(83, 323, 1),
(84, 331, 1),
(85, 357, 1),
(86, 472, 1),
(87, 171, 1),
(88, 3, 2),
(89, 14, 2),
(90, 42, 2),
(91, 83, 2),
(92, 96, 2),
(93, 100, 2),
(94, 114, 2),
(95, 115, 2),
(96, 171, 2),
(97, 258, 2),
(98, 288, 2),
(99, 347, 2),
(100, 373, 2),
(101, 409, 2),
(102, 1, 2),
(103, 2, 2),
(104, 15, 2),
(105, 40, 2),
(106, 55, 2),
(107, 124, 2),
(108, 127, 2),
(109, 146, 2),
(110, 149, 2),
(111, 189, 2),
(112, 205, 2),
(113, 271, 2),
(114, 289, 2),
(115, 355, 2),
(116, 357, 2),
(117, 381, 2),
(118, 479, 2),
(119, 196, 2),
(120, 10, 2),
(121, 297, 2),
(122, 384, 2),
(123, 338, 2),
(124, 247, 2),
(125, 207, 2),
(126, 28, 2),
(127, 246, 2),
(128, 60, 2),
(129, 71, 3),
(130, 112, 3),
(131, 182, 3),
(132, 202, 3),
(133, 208, 3),
(134, 253, 3),
(135, 268, 3),
(136, 16, 3),
(137, 34, 3),
(138, 104, 3),
(139, 313, 3),
(140, 4, 3),
(141, 338, 3),
(142, 385, 3),
(143, 440, 3),
(144, 51, 3),
(145, 234, 3),
(146, 262, 3),
(147, 424, 3),
(148, 82, 3),
(149, 120, 3),
(150, 210, 3),
(151, 247, 3),
(152, 264, 3),
(153, 292, 3),
(154, 303, 3),
(155, 31, 3),
(156, 295, 3),
(157, 233, 3),
(158, 40, 3),
(159, 124, 3),
(160, 127, 3),
(161, 146, 3),
(162, 474, 3),
(163, 9, 3),
(164, 66, 3),
(165, 36, 3),
(166, 174, 3),
(167, 261, 3),
(168, 332, 3),
(169, 171, 3),
(170, 204, 3),
(171, 304, 3),
(172, 321, 3),
(173, 330, 3),
(174, 373, 3),
(175, 471, 3),
(176, 57, 4),
(177, 283, 4),
(178, 400, 4),
(179, 75, 4),
(180, 90, 4),
(181, 329, 4),
(182, 481, 4),
(183, 486, 4),
(184, 107, 4),
(185, 6, 4),
(186, 24, 4),
(187, 52, 4),
(188, 78, 4),
(189, 84, 4),
(190, 85, 4),
(191, 165, 4),
(192, 254, 4),
(193, 273, 4),
(194, 318, 4),
(195, 439, 4),
(196, 451, 4),
(197, 456, 4),
(198, 214, 4),
(199, 54, 4),
(200, 500, 4),
(201, 408, 4),
(202, 491, 4),
(203, 203, 4),
(204, 109, 5),
(205, 230, 5),
(206, 350, 5),
(207, 427, 5),
(208, 348, 5),
(209, 79, 5),
(210, 364, 5),
(211, 490, 5),
(212, 102, 5),
(213, 468, 5),
(214, 204, 5),
(215, 330, 5),
(216, 390, 5),
(217, 29, 5),
(218, 32, 5),
(219, 403, 5),
(220, 243, 5),
(221, 266, 5),
(222, 15, 5),
(223, 205, 5),
(224, 355, 5),
(225, 357, 5),
(226, 408, 5),
(227, 7, 5),
(228, 116, 5),
(229, 270, 5),
(230, 309, 5),
(231, 58, 5),
(232, 195, 5),
(233, 49, 5),
(234, 117, 5),
(235, 125, 5),
(236, 399, 5),
(237, 410, 5),
(238, 411, 5),
(239, 455, 5),
(240, 495, 5),
(241, 4, 5),
(242, 114, 5),
(243, 170, 5),
(244, 229, 5),
(245, 338, 5),
(246, 385, 5),
(247, 34, 5),
(248, 497, 5),
(249, 69, 5),
(250, 294, 5),
(251, 8, 6),
(252, 287, 6),
(253, 41, 6),
(254, 81, 6),
(255, 360, 6),
(256, 412, 6),
(257, 33, 6),
(258, 106, 6),
(259, 130, 6),
(260, 152, 6),
(261, 185, 6),
(262, 191, 6),
(263, 225, 6),
(264, 333, 6),
(265, 340, 6),
(266, 140, 6),
(267, 440, 6),
(268, 407, 6),
(269, 128, 6),
(270, 294, 6),
(271, 413, 6),
(272, 488, 6),
(273, 428, 6),
(274, 193, 6),
(275, 241, 6),
(276, 12, 7),
(277, 358, 7),
(278, 47, 7),
(279, 13, 8),
(280, 316, 8),
(281, 128, 8),
(282, 294, 8),
(283, 185, 8),
(284, 191, 8),
(285, 446, 8),
(286, 196, 8),
(287, 233, 8),
(288, 390, 8),
(289, 497, 8),
(290, 27, 9),
(291, 466, 9),
(292, 336, 9),
(293, 299, 9),
(294, 320, 9),
(295, 304, 9),
(296, 310, 9),
(297, 401, 9),
(298, 17, 9),
(299, 485, 9),
(300, 413, 9),
(301, 488, 9),
(302, 67, 9),
(303, 212, 9),
(304, 296, 9),
(305, 328, 9),
(306, 369, 9),
(307, 155, 9),
(308, 166, 9),
(309, 323, 9),
(310, 428, 9),
(311, 193, 9),
(312, 156, 9),
(313, 436, 9),
(314, 241, 9),
(315, 87, 9),
(316, 221, 9),
(317, 111, 9),
(318, 135, 9),
(319, 162, 9),
(320, 197, 9),
(321, 249, 9),
(322, 312, 9),
(323, 317, 9),
(324, 335, 9),
(325, 362, 9),
(326, 457, 9),
(327, 493, 9),
(328, 326, 9),
(329, 395, 9),
(330, 435, 9),
(331, 497, 9),
(332, 390, 9),
(333, 63, 9),
(334, 30, 10),
(335, 19, 10),
(336, 226, 10),
(337, 16, 10),
(338, 34, 10),
(339, 104, 10),
(340, 313, 10),
(341, 321, 10),
(342, 68, 11),
(343, 20, 11),
(344, 57, 11),
(345, 274, 11),
(346, 283, 11),
(347, 400, 11),
(348, 132, 11),
(349, 75, 11),
(350, 486, 11),
(351, 121, 11),
(352, 423, 11),
(353, 179, 11),
(354, 140, 11),
(355, 395, 11),
(356, 306, 11),
(357, 270, 11),
(358, 22, 12),
(359, 282, 12),
(360, 278, 12),
(361, 71, 13),
(362, 231, 14),
(363, 351, 14),
(364, 464, 14),
(365, 229, 14),
(366, 69, 14),
(367, 176, 14),
(368, 267, 14),
(369, 159, 14),
(370, 62, 14),
(371, 131, 14),
(372, 300, 14),
(373, 28, 14),
(374, 77, 14),
(375, 200, 14),
(376, 344, 14),
(377, 415, 14),
(378, 489, 14),
(379, 443, 14),
(380, 170, 14),
(381, 79, 14),
(382, 426, 14),
(383, 170, 15),
(384, 471, 15),
(385, 35, 15),
(386, 108, 15),
(387, 484, 15),
(388, 211, 15),
(389, 337, 15),
(390, 324, 15),
(391, 37, 15),
(392, 64, 15),
(393, 73, 15),
(394, 136, 15),
(395, 147, 15),
(396, 148, 15),
(397, 213, 15),
(398, 240, 15),
(399, 370, 15),
(400, 454, 15),
(401, 14, 15),
(402, 19, 15),
(403, 51, 15),
(404, 69, 15),
(405, 79, 15),
(406, 91, 15),
(407, 110, 15),
(408, 145, 15),
(409, 158, 15),
(410, 160, 15),
(411, 176, 15),
(412, 234, 15),
(413, 262, 15),
(414, 267, 15),
(415, 352, 15),
(416, 364, 15),
(417, 368, 15),
(418, 424, 15),
(419, 450, 15),
(420, 490, 15),
(421, 359, 15),
(422, 253, 15),
(423, 386, 15),
(424, 82, 15),
(425, 210, 15),
(426, 264, 15),
(427, 292, 15),
(428, 330, 15),
(429, 266, 15),
(430, 205, 15),
(431, 66, 15),
(432, 7, 15),
(433, 270, 15),
(434, 309, 15),
(435, 58, 15),
(436, 321, 16),
(437, 38, 16),
(438, 97, 16),
(439, 31, 16),
(440, 295, 16),
(441, 305, 16),
(442, 452, 16),
(443, 30, 16),
(444, 366, 16),
(445, 278, 16),
(446, 39, 17),
(447, 53, 17),
(448, 331, 17),
(449, 307, 17),
(450, 384, 17),
(451, 43, 18),
(452, 87, 18),
(453, 211, 18),
(454, 337, 18),
(455, 173, 18),
(456, 231, 18),
(457, 28, 18),
(458, 187, 19),
(459, 374, 19),
(460, 251, 19),
(461, 396, 19),
(462, 110, 19),
(463, 432, 19),
(464, 382, 19),
(465, 44, 19),
(466, 13, 19),
(467, 129, 19),
(468, 316, 19),
(469, 336, 19),
(470, 416, 19),
(471, 324, 19),
(472, 307, 20),
(473, 45, 20),
(474, 72, 20),
(475, 132, 20),
(476, 331, 20),
(477, 76, 20),
(478, 122, 20),
(479, 500, 21),
(480, 46, 21),
(481, 169, 21),
(482, 181, 21),
(483, 122, 21),
(484, 319, 21),
(485, 380, 21),
(486, 474, 21),
(487, 47, 22),
(488, 248, 22),
(489, 48, 23),
(490, 153, 23),
(491, 302, 23),
(492, 298, 23),
(493, 314, 23),
(494, 469, 23),
(495, 500, 23),
(496, 361, 23),
(497, 55, 24),
(498, 491, 24),
(499, 499, 24),
(500, 83, 24),
(501, 102, 24),
(502, 377, 24),
(503, 468, 24),
(504, 195, 24),
(505, 60, 24),
(506, 60, 26),
(507, 65, 27),
(508, 305, 28),
(509, 452, 28),
(510, 366, 28),
(511, 482, 28),
(512, 105, 28),
(513, 190, 28),
(514, 88, 28),
(515, 94, 28),
(516, 183, 28),
(517, 301, 28),
(518, 477, 28),
(519, 478, 28),
(520, 278, 28),
(521, 93, 29),
(522, 207, 30),
(523, 95, 30),
(524, 143, 30),
(525, 140, 31),
(526, 168, 31),
(527, 284, 31),
(528, 372, 31),
(529, 417, 31),
(530, 448, 31),
(531, 475, 31),
(532, 326, 31),
(533, 129, 31),
(534, 441, 31),
(535, 383, 31),
(536, 463, 31),
(537, 438, 31),
(538, 130, 31),
(539, 152, 31),
(540, 492, 31),
(541, 98, 31),
(542, 291, 31),
(543, 442, 31),
(544, 8, 31),
(545, 155, 31),
(546, 157, 31),
(547, 166, 31),
(548, 323, 31),
(549, 428, 31),
(550, 483, 31),
(551, 345, 31),
(552, 101, 32),
(553, 54, 32),
(554, 265, 32),
(555, 103, 33),
(556, 47, 33),
(557, 113, 34),
(558, 164, 34),
(559, 391, 34),
(560, 224, 34),
(561, 458, 34),
(562, 315, 34),
(563, 36, 34),
(564, 472, 34),
(565, 104, 34),
(566, 274, 35),
(567, 345, 35),
(568, 121, 35),
(569, 444, 35),
(570, 61, 35),
(571, 75, 35),
(572, 76, 35),
(573, 90, 35),
(574, 99, 35),
(575, 186, 35),
(576, 276, 35),
(577, 329, 35),
(578, 404, 35),
(579, 481, 35),
(580, 486, 35),
(581, 129, 35),
(582, 203, 35),
(583, 178, 35),
(584, 220, 35),
(585, 324, 35),
(586, 187, 35),
(587, 126, 36),
(588, 46, 36),
(589, 169, 36),
(590, 181, 36),
(591, 122, 36),
(592, 380, 36),
(593, 134, 37),
(594, 437, 37),
(595, 497, 38),
(596, 137, 38),
(597, 151, 38),
(598, 199, 38),
(599, 218, 38),
(600, 227, 38),
(601, 272, 38),
(602, 371, 38),
(603, 406, 38),
(604, 430, 38),
(605, 431, 38),
(606, 473, 38),
(607, 498, 38),
(608, 212, 38),
(609, 296, 38),
(610, 327, 38),
(611, 328, 38),
(612, 345, 38),
(613, 369, 38),
(614, 382, 38),
(615, 383, 38),
(616, 463, 38),
(617, 465, 38),
(618, 494, 38),
(619, 449, 38),
(620, 241, 38),
(621, 361, 39),
(622, 138, 39),
(623, 144, 39),
(624, 387, 39),
(625, 500, 39),
(626, 404, 40),
(627, 139, 40),
(628, 220, 40),
(629, 214, 40),
(630, 143, 40),
(631, 141, 41),
(632, 154, 41),
(633, 198, 41),
(634, 348, 41),
(635, 377, 41),
(636, 468, 41),
(637, 265, 42),
(638, 143, 42),
(639, 285, 42),
(640, 54, 42),
(641, 386, 43),
(642, 145, 43),
(643, 266, 43),
(644, 149, 44),
(645, 461, 45),
(646, 157, 45),
(647, 483, 45),
(648, 438, 45),
(649, 160, 46),
(650, 194, 46),
(651, 215, 46),
(652, 279, 46),
(653, 35, 46),
(654, 108, 46),
(655, 159, 46),
(656, 432, 46),
(657, 484, 46),
(658, 374, 46),
(659, 396, 46),
(660, 167, 47),
(661, 173, 48),
(662, 426, 48),
(663, 443, 48),
(664, 405, 48),
(665, 434, 48),
(666, 241, 48),
(667, 276, 49),
(668, 479, 49),
(669, 177, 49),
(670, 361, 49),
(671, 179, 50),
(672, 465, 51),
(673, 494, 51),
(674, 257, 51),
(675, 184, 51),
(676, 239, 51),
(677, 342, 51),
(678, 363, 51),
(679, 63, 51),
(680, 179, 51),
(681, 487, 51),
(682, 492, 51),
(683, 187, 51),
(684, 284, 51),
(685, 277, 51),
(686, 76, 51),
(687, 472, 51),
(688, 368, 52),
(689, 425, 52),
(690, 188, 52),
(691, 192, 52),
(692, 74, 52),
(693, 82, 52),
(694, 120, 52),
(695, 210, 52),
(696, 247, 52),
(697, 264, 52),
(698, 292, 52),
(699, 303, 52),
(700, 458, 52),
(701, 171, 52),
(702, 373, 52),
(703, 189, 53),
(704, 201, 54),
(705, 435, 55),
(706, 209, 55),
(707, 460, 55),
(708, 17, 55),
(709, 313, 55),
(710, 222, 56),
(711, 384, 57),
(712, 237, 57),
(713, 28, 57),
(714, 115, 57),
(715, 267, 57),
(716, 289, 57),
(717, 152, 57),
(718, 298, 58),
(719, 469, 58),
(720, 244, 58),
(721, 156, 58),
(722, 437, 58),
(723, 377, 59),
(724, 245, 59),
(725, 311, 59),
(726, 246, 60),
(727, 255, 61),
(728, 62, 61),
(729, 131, 61),
(730, 243, 61),
(731, 300, 61),
(732, 306, 62),
(733, 256, 62),
(734, 395, 62),
(735, 376, 62),
(736, 314, 63),
(737, 259, 63),
(738, 277, 63),
(739, 437, 63),
(740, 281, 63),
(741, 379, 63),
(742, 308, 64),
(743, 260, 64),
(744, 175, 64),
(745, 356, 64),
(746, 394, 64),
(747, 421, 64),
(748, 422, 64),
(749, 367, 64),
(750, 269, 65),
(751, 278, 66),
(752, 293, 67),
(753, 246, 67),
(754, 297, 67),
(755, 396, 67),
(756, 461, 67),
(757, 60, 67),
(758, 297, 68),
(759, 45, 68),
(760, 327, 69),
(761, 449, 69),
(762, 339, 70),
(763, 66, 70),
(764, 340, 71),
(765, 413, 71),
(766, 488, 71),
(767, 376, 72),
(768, 341, 72),
(769, 352, 73),
(770, 365, 74),
(771, 310, 74),
(772, 401, 74),
(773, 367, 75),
(774, 378, 76),
(775, 380, 77),
(776, 388, 78),
(777, 71, 78),
(778, 393, 79),
(779, 395, 80),
(780, 341, 80),
(781, 397, 81),
(782, 407, 81),
(783, 461, 81),
(784, 416, 82),
(785, 419, 83),
(786, 420, 84),
(787, 56, 84),
(788, 311, 84),
(789, 429, 85),
(790, 293, 85),
(791, 320, 85),
(792, 441, 85),
(793, 251, 85),
(794, 13, 85),
(795, 316, 85),
(796, 67, 85),
(797, 10, 85),
(798, 297, 85),
(799, 247, 85),
(800, 461, 85),
(801, 246, 85),
(802, 60, 85),
(803, 447, 86),
(804, 472, 87),
(805, 259, 87),
(806, 277, 87),
(807, 306, 87),
(808, 397, 87),
(809, 419, 87),
(810, 341, 87),
(811, 367, 87),
(812, 367, 88),
(813, 30, 89),
(814, 101, 89),
(815, 203, 89),
(816, 224, 89),
(817, 354, 89),
(818, 65, 89),
(819, 427, 89),
(820, 16, 89),
(821, 295, 89),
(822, 68, 89),
(823, 58, 90),
(824, 403, 90),
(825, 60, 91),
(826, 278, 91),
(827, 67, 92),
(828, 376, 92),
(829, 93, 93),
(830, 474, 93),
(831, 121, 94),
(832, 156, 94),
(833, 143, 95),
(834, 167, 96),
(835, 71, 97),
(836, 112, 97),
(837, 182, 97),
(838, 202, 97),
(839, 208, 97),
(840, 253, 97),
(841, 268, 97),
(842, 16, 97),
(843, 34, 97),
(844, 104, 97),
(845, 313, 97),
(846, 4, 97),
(847, 338, 97),
(848, 385, 97),
(849, 440, 97),
(850, 51, 97),
(851, 234, 97),
(852, 262, 97),
(853, 424, 97),
(854, 82, 97),
(855, 120, 97),
(856, 210, 97),
(857, 247, 97),
(858, 264, 97),
(859, 292, 97),
(860, 303, 97),
(861, 31, 97),
(862, 295, 97),
(863, 233, 97),
(864, 40, 97),
(865, 124, 97),
(866, 127, 97),
(867, 146, 97),
(868, 474, 97),
(869, 9, 97),
(870, 66, 97),
(871, 36, 97),
(872, 174, 97),
(873, 261, 97),
(874, 332, 97),
(875, 171, 97),
(876, 204, 97),
(877, 304, 97),
(878, 321, 97),
(879, 330, 97),
(880, 373, 97),
(881, 471, 97),
(882, 193, 98),
(883, 221, 99),
(884, 244, 100),
(885, 251, 101),
(886, 429, 101),
(887, 367, 101),
(888, 299, 102),
(889, 308, 103),
(890, 339, 104),
(891, 351, 105),
(892, 464, 105),
(893, 426, 105),
(894, 63, 105),
(895, 366, 106),
(896, 107, 106),
(897, 278, 106),
(898, 134, 107),
(899, 437, 107),
(900, 393, 108),
(901, 425, 109),
(902, 482, 109),
(903, 373, 109),
(904, 436, 110),
(905, 437, 111),
(906, 440, 112),
(907, 447, 113),
(908, 354, 113),
(909, 19, 114),
(910, 45, 115),
(911, 122, 115),
(912, 122, 116),
(913, 380, 116),
(914, 195, 117),
(915, 468, 117),
(916, 244, 118),
(917, 246, 119),
(918, 298, 120),
(919, 393, 121),
(920, 306, 121),
(921, 361, 122),
(922, 481, 123),
(923, 45, 124),
(924, 71, 125),
(925, 306, 125),
(926, 107, 126),
(927, 377, 127),
(928, 393, 128),
(929, 71, 129),
(930, 468, 130),
(931, 22, 131),
(932, 282, 131),
(933, 278, 131),
(934, 297, 132),
(935, 246, 132),
(936, 10, 133),
(937, 232, 133),
(938, 74, 133),
(939, 407, 133),
(940, 1, 133),
(941, 33, 133),
(942, 106, 133),
(943, 333, 133),
(944, 50, 133),
(945, 56, 133),
(946, 422, 133),
(947, 11, 133),
(948, 21, 133),
(949, 92, 133),
(950, 7, 133),
(951, 39, 133),
(952, 53, 133),
(953, 116, 133),
(954, 216, 133),
(955, 245, 133),
(956, 270, 133),
(957, 287, 133),
(958, 309, 133),
(959, 311, 133),
(960, 420, 133),
(961, 446, 133),
(962, 180, 133);

-- --------------------------------------------------------

--
-- Table structure for table `artist`
--

CREATE TABLE `artist` (
  `Artist_id` int(11) NOT NULL COMMENT 'artist id primary key',
  `artist_name` varchar(255) NOT NULL COMMENT 'name of the artist'
) ENGINE=InnoDB DEFAULT CHARSET=utf8mb4;

--
-- Dumping data for table `artist`
--

INSERT INTO `artist` (`Artist_id`, `artist_name`) VALUES
(1, 'The Beatles'),
(2, 'The Beach Boys'),
(3, 'Bob Dylan'),
(4, 'Marvin Gaye'),
(5, 'The Rolling Stones'),
(6, 'The Clash'),
(7, 'Elvis Presley'),
(8, 'Miles Davis'),
(9, 'The Velvet Underground'),
(10, 'The Jimi Hendrix Experience'),
(11, 'Nirvana'),
(12, 'Bruce Springsteen'),
(13, 'Van Morrison'),
(14, 'Michael Jackson'),
(15, 'Chuck Berry'),
(16, 'Robert Johnson'),
(17, 'John Lennon / Plastic Ono Band'),
(18, 'Stevie Wonder'),
(19, 'James Brown'),
(20, 'Fleetwood Mac'),
(21, 'U2'),
(22, 'The Who'),
(23, 'Led Zeppelin'),
(24, 'Joni Mitchell'),
(25, 'Ramones'),
(26, 'The Band'),
(27, 'David Bowie'),
(28, 'Carole King'),
(29, 'Eagles'),
(30, 'Muddy Waters'),
(31, 'Love'),
(32, 'Sex Pistols'),
(33, 'The Doors'),
(34, 'Pink Floyd'),
(35, 'Patti Smith'),
(36, 'Bob Marley & The Wailers'),
(37, 'John Coltrane'),
(38, 'Public Enemy'),
(39, 'The Allman Brothers Band'),
(40, 'Little Richard'),
(41, 'Simon & Garfunkel'),
(42, 'Al Green'),
(43, 'Ray Charles'),
(44, 'Creedence Clearwater Revival'),
(45, 'Captain Beefheart & His Magic Band'),
(46, 'Sly & The Family Stone'),
(47, 'Guns N\' Roses'),
(48, 'Phil Spector'),
(49, 'Radiohead'),
(50, 'Billy Joel'),
(51, 'Paul Simon'),
(52, 'Curtis Mayfield'),
(53, 'Neil Young'),
(54, 'Prince and the Revolution'),
(55, 'AC/DC'),
(56, 'Otis Redding'),
(57, 'John Lennon'),
(58, 'Aretha Franklin'),
(59, 'Johnny Cash'),
(60, 'Dusty Springfield'),
(61, 'Elton John'),
(62, 'Buddy Holly'),
(63, 'Prince'),
(64, 'Hank Williams'),
(65, 'Elvis Costello'),
(66, 'The Zombies'),
(67, 'Frank Sinatra'),
(68, 'Cream'),
(69, 'James Taylor'),
(70, 'Sam Cooke'),
(71, 'The Mamas and the Papas'),
(72, 'Derek and the Dominos'),
(73, 'Kanye West'),
(74, 'Etta James'),
(75, 'The Byrds'),
(76, 'Various Artists'),
(77, 'Run D.M.C.'),
(78, 'Moby Grape'),
(79, 'Janis Joplin'),
(80, 'The Wailers'),
(81, 'Iggy and The Stooges'),
(82, 'Talking Heads'),
(83, 'Television'),
(84, 'Black Sabbath'),
(85, 'The Notorious B.I.G.'),
(86, 'Pavement'),
(87, 'The Replacements'),
(89, 'The Meters'),
(90, 'Blondie'),
(91, 'B.B. King'),
(92, 'Dr. John, the Night Tripper'),
(93, 'N.W.A'),
(94, 'Steely Dan'),
(95, 'Jefferson Airplane'),
(96, 'Crosby, Stills, Nash & Young'),
(97, 'Santana'),
(98, 'Arcade Fire'),
(99, 'The B 52\'s'),
(100, 'A Tribe Called Quest'),
(101, 'Howlin\' Wolf'),
(102, 'Pretenders'),
(103, 'Beastie Boys'),
(104, 'Joy Division'),
(105, 'KISS'),
(106, 'T. Rex'),
(107, 'Linda Ronstadt'),
(108, 'Elvis Costello & The Attractions'),
(109, 'Metallica'),
(110, 'Rod Stewart'),
(111, 'Todd Rundgren'),
(112, 'Carpenters'),
(113, 'Aerosmith'),
(114, 'Funkadelic'),
(115, 'Curtis Mayfield and The Impressions'),
(116, 'ABBA'),
(117, 'Willie Nelson'),
(118, 'Madonna'),
(119, 'The Stooges'),
(120, 'Peter Gabriel'),
(121, 'Buffalo Springfield'),
(122, 'Quicksilver Messenger Service'),
(123, 'The Flying Burrito Brothers'),
(124, 'Green Day'),
(125, 'Lou Reed'),
(126, 'John Mayall & The Bluesbreakers'),
(127, 'R.E.M.'),
(128, 'Little Walter'),
(129, 'The Strokes'),
(130, 'Nine Inch Nails'),
(131, 'Cat Stevens'),
(132, 'Pearl Jam'),
(133, 'Neil Young & Crazy Horse'),
(134, 'Ike & Tina Turner'),
(135, 'New York Dolls'),
(136, 'Bo Diddley'),
(137, 'Bobby \"Blue\" Bland'),
(138, 'The Smiths'),
(139, 'My Bloody Valentine'),
(140, 'Professor Longhair'),
(141, 'Neil Diamond'),
(142, 'Pixies'),
(143, 'Eric B. & Rakim'),
(144, 'Bonnie Raitt'),
(145, 'Queen'),
(146, 'The Kinks'),
(147, 'Patsy Cline'),
(148, 'Jackie Wilson'),
(149, 'Eminem'),
(150, 'Jerry Lee Lewis'),
(151, 'The Mothers of Invention'),
(152, 'The Grateful Dead'),
(153, 'Ornette Coleman'),
(154, 'Jay Z'),
(155, 'Kraftwerk'),
(156, 'Whitney Houston'),
(157, 'Janet'),
(158, 'Grateful Dead'),
(159, 'Crosby, Stills & Nash'),
(160, 'Tracy Chapman'),
(161, 'Blood, Sweat & Tears'),
(162, 'The Jesus and Mary Chain'),
(163, 'Sleater Kinney'),
(164, 'Smokey Robinson & The Miracles'),
(165, 'LaBelle'),
(166, 'Parliament'),
(167, 'Janet Jackson'),
(168, 'Various'),
(169, 'Mary J. Blige'),
(170, 'Barry White'),
(171, 'The Cars'),
(172, 'X'),
(173, 'Bob Dylan and the Band'),
(174, 'MC5'),
(175, 'Leonard Cohen'),
(176, 'Weezer'),
(177, 'Dolly Parton'),
(178, 'Jeff Buckley'),
(179, 'Lucinda Williams'),
(180, 'Beck'),
(181, 'Red Hot Chili Peppers'),
(182, 'Jane\'s Addiction'),
(183, 'Lauryn Hill'),
(184, 'Tom Petty and the Heartbreakers'),
(185, 'The O\'Jays'),
(186, 'Nick Drake'),
(187, 'Randy Newman'),
(188, 'The Police'),
(189, 'Eric Clapton'),
(190, 'The Cure'),
(191, 'Liz Phair'),
(192, 'Sonic Youth'),
(193, 'Richard & Linda Thompson'),
(194, 'Graham Parker & The Rumour'),
(195, 'Soundgarden'),
(196, 'Jethro Tull'),
(197, 'Big Brother & the Holding Company'),
(198, 'Tom Waits'),
(199, 'Black Flag'),
(200, 'Moby'),
(201, 'Depeche Mode'),
(202, 'Meat Loaf'),
(203, 'De La Soul'),
(204, 'The Yardbirds'),
(205, 'Dire Straits'),
(206, 'Buzzcocks'),
(207, 'OutKast'),
(208, 'The Smashing Pumpkins'),
(209, 'New Order'),
(210, 'Rage Against the Machine'),
(211, 'Mott the Hoople'),
(212, 'Arctic Monkeys'),
(213, 'Roxy Music'),
(214, 'Jackson Browne'),
(215, 'Bjork'),
(216, 'John Lee Hooker'),
(217, 'Oasis'),
(218, 'TLC'),
(219, 'Toots & The Maytals'),
(220, 'The Modern Lovers'),
(221, 'Wu Tang Clan'),
(222, 'Don Henley'),
(223, 'The White Stripes'),
(224, 'M.I.A.'),
(225, 'LCD Soundsystem'),
(226, 'Massive Attack'),
(227, 'ZZ Top'),
(228, 'The Temptations'),
(229, 'Nas'),
(230, 'Lynyrd Skynyrd'),
(231, 'Dr. John'),
(232, 'Big Star'),
(233, 'PJ Harvey'),
(234, 'Sinead O\'Connor'),
(235, 'Wire'),
(236, 'Minutemen'),
(237, 'The Go Go\'s'),
(238, 'Van Halen'),
(239, 'Paul McCartney & Wings'),
(240, 'Portishead'),
(241, 'The Crickets'),
(242, 'The Ronettes'),
(243, 'Diana Ross & The Supremes'),
(244, 'Gram Parsons'),
(245, 'Cheap Trick'),
(246, 'Peter Wolf'),
(247, 'Brian Eno'),
(248, 'Vampire Weekend'),
(249, 'George Harrison'),
(250, 'Lil Wayne'),
(251, 'The Pogues'),
(252, 'Suicide'),
(253, 'DEVO'),
(254, 'War'),
(255, 'Steve Miller Band'),
(256, 'Stan Getz/Joao GilbertofeaturingAntonio Carlos Jobim'),
(257, 'Amy Winehouse'),
(258, 'John Prine'),
(259, 'EPMD'),
(260, 'Alice Cooper'),
(261, 'Los Lobos'),
(262, 'My Morning Jacket'),
(263, 'The Drifters'),
(264, 'Hole'),
(265, 'Public Image Ltd.'),
(266, 'Echo and The Bunnymen'),
(267, 'Def Leppard'),
(268, 'The Magnetic Fields'),
(269, 'Coldplay'),
(270, 'The Paul Butterfield Blues Band'),
(271, 'Fugees'),
(272, 'L.L. Cool J'),
(273, 'George Michael'),
(274, 'Manu Chao'),
(275, 'Merle Haggard'),
(276, 'Loretta Lynn'),
(277, 'Raekwon'),
(278, 'D\'Angelo'),
(279, 'Steve Earle'),
(280, 'Gang of Four'),
(281, 'Earth, Wind & Fire'),
(282, 'Cyndi Lauper'),
(283, 'Husker Du'),
(284, 'Albert King'),
(285, 'Eurythmics'),
(286, 'Wilco'),
(287, 'MGMT'),
(288, 'Boz Scaggs'),
(289, 'The Stone Roses');

-- --------------------------------------------------------

--
-- Table structure for table `artist_album`
--

CREATE TABLE `artist_album` (
  `artist_album_id` int(11) NOT NULL COMMENT 'artist album primary key',
  `album_id` int(11) NOT NULL COMMENT 'album key',
  `Artist_id` int(11) NOT NULL COMMENT 'artist key'
) ENGINE=InnoDB DEFAULT CHARSET=utf8mb4;

--
-- Dumping data for table `artist_album`
--

INSERT INTO `artist_album` (`artist_album_id`, `album_id`, `Artist_id`) VALUES
(501, 1, 1),
(502, 2, 2),
(503, 3, 1),
(504, 4, 3),
(505, 5, 1),
(506, 6, 4),
(507, 7, 5),
(508, 8, 6),
(509, 9, 3),
(510, 10, 1),
(511, 11, 7),
(512, 12, 8),
(513, 13, 9),
(514, 14, 1),
(515, 15, 10),
(516, 16, 3),
(517, 17, 11),
(518, 18, 12),
(519, 19, 13),
(520, 20, 15),
(521, 21, 14),
(522, 22, 16),
(523, 23, 17),
(524, 24, 18),
(525, 25, 19),
(526, 26, 20),
(527, 27, 21),
(528, 28, 22),
(529, 29, 23),
(530, 30, 24),
(531, 31, 3),
(532, 32, 5),
(533, 33, 25),
(534, 34, 26),
(535, 35, 28),
(536, 36, 28),
(537, 37, 29),
(538, 38, 30),
(539, 39, 1),
(540, 40, 31),
(541, 41, 32),
(542, 42, 33),
(543, 43, 35),
(544, 44, 35),
(545, 45, 26),
(546, 46, 36),
(547, 47, 37),
(548, 48, 38),
(549, 49, 39),
(550, 50, 40),
(551, 51, 41),
(552, 52, 42),
(553, 53, 1),
(554, 54, 43),
(555, 55, 10),
(556, 56, 7),
(557, 57, 18),
(558, 58, 5),
(559, 59, 44),
(560, 60, 45),
(561, 61, 47),
(562, 62, 47),
(563, 63, 21),
(564, 64, 5),
(565, 65, 48),
(566, 66, 13),
(567, 67, 49),
(568, 68, 14),
(569, 69, 23),
(570, 70, 50),
(571, 71, 51),
(572, 72, 52),
(573, 73, 23),
(574, 74, 53),
(575, 75, 19),
(576, 76, 54),
(577, 77, 55),
(578, 78, 57),
(579, 79, 23),
(580, 80, 57),
(581, 81, 6),
(582, 82, 53),
(583, 83, 10),
(584, 84, 58),
(585, 85, 58),
(586, 86, 12),
(587, 87, 34),
(588, 88, 59),
(589, 89, 60),
(590, 90, 18),
(591, 91, 62),
(592, 92, 62),
(593, 93, 63),
(594, 94, 64),
(595, 95, 8),
(596, 96, 22),
(597, 97, 3),
(598, 98, 65),
(599, 99, 46),
(600, 100, 66),
(601, 101, 67),
(602, 102, 68),
(603, 103, 37),
(604, 104, 69),
(605, 105, 43),
(606, 106, 25),
(607, 107, 70),
(608, 108, 27),
(609, 109, 5),
(610, 110, 9),
(611, 111, 49),
(612, 112, 71),
(613, 113, 24),
(614, 114, 68),
(615, 115, 22),
(616, 116, 5),
(617, 117, 72),
(618, 118, 73),
(619, 119, 74),
(620, 120, 75),
(621, 121, 46),
(622, 122, 76),
(623, 123, 77),
(624, 124, 78),
(625, 125, 79),
(626, 126, 80),
(627, 127, 75),
(628, 128, 81),
(629, 129, 82),
(630, 130, 83),
(631, 131, 85),
(632, 132, 76),
(633, 133, 12),
(634, 134, 85),
(635, 135, 86),
(636, 136, 61),
(637, 137, 87),
(638, 138, 86),
(639, 139, 89),
(640, 140, 90),
(641, 141, 91),
(642, 142, 48),
(643, 143, 92),
(644, 144, 93),
(645, 145, 94),
(646, 146, 95),
(647, 147, 96),
(648, 148, 23),
(649, 149, 97),
(650, 150, 12),
(651, 151, 98),
(652, 152, 99),
(653, 153, 100),
(654, 154, 101),
(655, 155, 102),
(656, 156, 103),
(657, 157, 104),
(658, 158, 61),
(659, 159, 105),
(660, 160, 106),
(661, 161, 56),
(662, 162, 49),
(663, 163, 63),
(664, 164, 107),
(665, 165, 4),
(666, 166, 108),
(667, 167, 109),
(668, 168, 65),
(669, 169, 36),
(670, 170, 22),
(671, 171, 75),
(672, 172, 110),
(673, 173, 111),
(674, 174, 3),
(675, 175, 112),
(676, 176, 113),
(677, 177, 114),
(678, 178, 115),
(679, 179, 116),
(680, 180, 5),
(681, 181, 36),
(682, 182, 20),
(683, 183, 117),
(684, 184, 118),
(685, 185, 119),
(686, 186, 46),
(687, 187, 120),
(688, 188, 121),
(689, 189, 122),
(690, 190, 7),
(691, 191, 119),
(692, 192, 123),
(693, 193, 124),
(694, 194, 126),
(695, 195, 126),
(696, 196, 76),
(697, 197, 128),
(698, 198, 128),
(699, 199, 129),
(700, 200, 55),
(701, 201, 130),
(702, 202, 41),
(703, 203, 14),
(704, 204, 3),
(705, 205, 68),
(706, 206, 63),
(707, 207, 97),
(708, 208, 131),
(709, 209, 133),
(710, 210, 133),
(711, 211, 34),
(712, 212, 86),
(713, 213, 5),
(714, 214, 134),
(715, 215, 135),
(716, 216, 136),
(717, 217, 137),
(718, 218, 138),
(719, 219, 103),
(720, 220, 89),
(721, 221, 139),
(722, 222, 140),
(723, 223, 21),
(724, 224, 141),
(725, 225, 124),
(726, 226, 12),
(727, 227, 142),
(728, 228, 143),
(729, 229, 113),
(730, 230, 144),
(731, 231, 145),
(732, 232, 146),
(733, 233, 75),
(734, 234, 41),
(735, 235, 147),
(736, 236, 148),
(737, 237, 22),
(738, 238, 101),
(739, 239, 118),
(740, 240, 94),
(741, 241, 87),
(742, 242, 77),
(743, 243, 84),
(744, 244, 149),
(745, 245, 150),
(746, 246, 151),
(747, 247, 152),
(748, 248, 153),
(749, 249, 127),
(750, 250, 154),
(751, 251, 27),
(752, 252, 154),
(753, 253, 12),
(754, 254, 56),
(755, 255, 109),
(756, 256, 155),
(757, 257, 156),
(758, 258, 146),
(759, 259, 157),
(760, 260, 117),
(761, 261, 158),
(762, 262, 159),
(763, 263, 160),
(764, 264, 158),
(765, 265, 43),
(766, 266, 161),
(767, 267, 22),
(768, 268, 51),
(769, 269, 162),
(770, 270, 5),
(771, 271, 2),
(772, 272, 163),
(773, 273, 164),
(774, 274, 165),
(775, 275, 149),
(776, 276, 166),
(777, 277, 167),
(778, 278, 168),
(779, 279, 27),
(780, 280, 21),
(781, 281, 169),
(782, 282, 30),
(783, 283, 170),
(784, 284, 171),
(785, 285, 18),
(786, 286, 42),
(787, 287, 172),
(788, 288, 158),
(789, 289, 146),
(790, 290, 42),
(791, 291, 82),
(792, 292, 173),
(793, 293, 9),
(794, 294, 174),
(795, 295, 175),
(796, 296, 138),
(797, 297, 151),
(798, 298, 73),
(799, 299, 176),
(800, 300, 84),
(801, 301, 177),
(802, 302, 38),
(803, 303, 3),
(804, 304, 178),
(805, 305, 179),
(806, 306, 180),
(807, 307, 1),
(808, 308, 67),
(809, 309, 44),
(810, 310, 181),
(811, 311, 168),
(812, 312, 182),
(813, 313, 11),
(814, 314, 183),
(815, 315, 184),
(816, 316, 9),
(817, 317, 142),
(818, 318, 185),
(819, 319, 80),
(820, 320, 49),
(821, 321, 186),
(822, 322, 187),
(823, 323, 188),
(824, 324, 27),
(825, 325, 189),
(826, 326, 190),
(827, 327, 191),
(828, 328, 192),
(829, 329, 19),
(830, 330, 53),
(831, 331, 1),
(832, 332, 193),
(833, 333, 172),
(834, 334, 194),
(835, 335, 195),
(836, 336, 49),
(837, 337, 196),
(838, 338, 197),
(839, 339, 198),
(840, 340, 199),
(841, 341, 200),
(842, 342, 201),
(843, 343, 202),
(844, 344, 125),
(845, 345, 82),
(846, 346, 203),
(847, 347, 34),
(848, 348, 30),
(849, 349, 154),
(850, 350, 204),
(851, 351, 133),
(852, 352, 205),
(853, 353, 73),
(854, 354, 50),
(855, 355, 204),
(856, 356, 187),
(857, 357, 5),
(858, 358, 8),
(859, 359, 61),
(860, 360, 206),
(861, 361, 207),
(862, 362, 208),
(863, 363, 209),
(864, 364, 33),
(865, 365, 210),
(866, 366, 59),
(867, 367, 118),
(868, 368, 29),
(869, 369, 138),
(870, 370, 211),
(871, 371, 212),
(872, 372, 188),
(873, 373, 95),
(874, 374, 213),
(875, 375, 214),
(876, 376, 215),
(877, 377, 216),
(878, 378, 217),
(879, 379, 218),
(880, 380, 219),
(881, 381, 2),
(882, 382, 220),
(883, 383, 82),
(884, 384, 22),
(885, 385, 3),
(886, 386, 94),
(887, 387, 221),
(888, 388, 76),
(889, 389, 222),
(890, 390, 223),
(891, 391, 214),
(892, 392, 1),
(893, 393, 224),
(894, 394, 187),
(895, 395, 225),
(896, 396, 213),
(897, 397, 226),
(898, 398, 227),
(899, 399, 198),
(900, 400, 228),
(901, 401, 181),
(902, 402, 229),
(903, 403, 230),
(904, 404, 231),
(905, 405, 232),
(906, 406, 233),
(907, 407, 6),
(908, 408, 234),
(909, 409, 33),
(910, 410, 3),
(911, 411, 189),
(912, 412, 235),
(913, 413, 236),
(914, 414, 237),
(915, 415, 238),
(916, 416, 198),
(917, 417, 21),
(918, 418, 239),
(919, 419, 240),
(920, 420, 241),
(921, 421, 76),
(922, 422, 242),
(923, 423, 243),
(924, 424, 12),
(925, 425, 244),
(926, 426, 245),
(927, 427, 246),
(928, 428, 188),
(929, 429, 247),
(930, 430, 248),
(931, 431, 233),
(932, 432, 247),
(933, 433, 249),
(934, 434, 232),
(935, 435, 11),
(936, 436, 180),
(937, 437, 250),
(938, 438, 190),
(939, 439, 70),
(940, 440, 251),
(941, 441, 252),
(942, 442, 253),
(943, 443, 245),
(944, 444, 254),
(945, 445, 255),
(946, 446, 174),
(947, 447, 256),
(948, 448, 188),
(949, 449, 232),
(950, 450, 214),
(951, 451, 257),
(952, 452, 258),
(953, 453, 259),
(954, 454, 260),
(955, 455, 261),
(956, 456, 4),
(957, 457, 262),
(958, 458, 61),
(959, 459, 263),
(960, 460, 264),
(961, 461, 265),
(962, 462, 127),
(963, 463, 266),
(964, 464, 267),
(965, 465, 268),
(966, 466, 269),
(967, 467, 12),
(968, 468, 270),
(969, 469, 271),
(970, 470, 272),
(971, 471, 193),
(972, 472, 273),
(973, 473, 138),
(974, 474, 274),
(975, 475, 108),
(976, 476, 85),
(977, 477, 275),
(978, 478, 276),
(979, 479, 114),
(980, 480, 277),
(981, 481, 278),
(982, 482, 279),
(983, 483, 280),
(984, 484, 211),
(985, 485, 132),
(986, 486, 281),
(987, 487, 282),
(988, 488, 283),
(989, 489, 105),
(990, 490, 227),
(991, 491, 284),
(992, 492, 285),
(993, 493, 286),
(994, 494, 287),
(995, 495, 144),
(996, 496, 288),
(997, 497, 223),
(998, 498, 289),
(999, 499, 91),
(1000, 500, 207);

-- --------------------------------------------------------

--
-- Table structure for table `fav_album`
--

CREATE TABLE `fav_album` (
  `fav_album_id` int(11) NOT NULL COMMENT 'fav album primary key',
  `album_id` int(11) NOT NULL COMMENT 'album key',
  `user_id` int(11) NOT NULL COMMENT 'user id key'
) ENGINE=InnoDB DEFAULT CHARSET=utf8mb4;

--
-- Dumping data for table `fav_album`
--

INSERT INTO `fav_album` (`fav_album_id`, `album_id`, `user_id`) VALUES
(1, 1, 22);

-- --------------------------------------------------------

--
-- Table structure for table `genre`
--

CREATE TABLE `genre` (
  `Genre_id` int(11) NOT NULL COMMENT 'genre primary key',
  `genre` varchar(255) NOT NULL COMMENT 'type of genre'
) ENGINE=InnoDB DEFAULT CHARSET=utf8mb4;

--
-- Dumping data for table `genre`
--

INSERT INTO `genre` (`Genre_id`, `genre`) VALUES
(1, 'Rock'),
(2, 'Funk / Soul'),
(3, 'Jazz'),
(4, 'Blues'),
(5, 'Pop'),
(6, 'Folk'),
(7, 'Classical'),
(8, 'Reggae'),
(9, 'Hip Hop'),
(10, 'Electronic'),
(11, 'Latin'),
(12, 'World%&%Country'),
(13, 'Stage & Screen');

-- --------------------------------------------------------

--
-- Table structure for table `reviews`
--

CREATE TABLE `reviews` (
  `review_id` int(11) NOT NULL COMMENT 'review primary key',
  `ratings` int(5) NOT NULL COMMENT 'rating for an album',
  `comments` varchar(250) NOT NULL COMMENT 'comments for album set at 250 characters',
  `approved` tinyint(1) NOT NULL DEFAULT 0 COMMENT 'boolean default 0 until approved by member of admin',
  `album_id` int(11) NOT NULL COMMENT 'album key',
  `user_id` int(11) NOT NULL COMMENT 'user key'
) ENGINE=InnoDB DEFAULT CHARSET=utf8mb4;

--
-- Dumping data for table `reviews`
--

INSERT INTO `reviews` (`review_id`, `ratings`, `comments`, `approved`, `album_id`, `user_id`) VALUES
(1, 5, 'fantastic album', 1, 1, 22),
(2, 5, 'all time fav', 1, 193, 26),
(3, 5, 'all time fav', 1, 500, 26),
(5, 4, 'liked this', 1, 55, 26),
(679, 5, 'love it', 1, 49, 22),
(692, 5, 'cant get enough of it', 0, 193, 22),
(696, 5, 'fantastic album', 1, 3, 26),
(697, 4, 'love this album', 1, 3, 22);

-- --------------------------------------------------------

--
-- Table structure for table `subgenre`
--

CREATE TABLE `subgenre` (
  `subgenre_id` int(11) NOT NULL COMMENT 'subgenre primary key',
  `subgenre` varchar(255) NOT NULL COMMENT 'type of subgenre'
) ENGINE=InnoDB DEFAULT CHARSET=utf8mb4;

--
-- Dumping data for table `subgenre`
--

INSERT INTO `subgenre` (`subgenre_id`, `subgenre`) VALUES
(1, 'Pop Rock'),
(2, 'Psychedelic Rock'),
(3, 'FolkRock'),
(4, 'Soul'),
(5, 'Blues Rock'),
(6, 'Punk'),
(7, 'Modal'),
(8, 'Garage Rock'),
(9, 'Alternative Rock'),
(10, 'Acoustic'),
(11, 'Disco'),
(12, 'Delta Blues'),
(13, 'Rhythm & Blues'),
(14, 'Hard Rock'),
(15, 'Classic Rock'),
(16, 'Folk'),
(17, 'Beat'),
(18, 'Prog Rock'),
(19, 'Art Rock'),
(20, 'Soundtrack'),
(21, 'Reggae'),
(22, 'Free Jazz'),
(23, 'Conscious'),
(24, 'Electric Blues'),
(25, 'None'),
(26, 'Dialogue'),
(27, 'Doo Wop'),
(28, 'Country'),
(29, 'Ska'),
(30, 'Fusion'),
(31, 'New Wave'),
(32, 'Big Band'),
(33, 'Hard Bop'),
(34, 'Soft Rock'),
(35, 'Funk'),
(36, 'Roots Reggae'),
(37, 'Thug Rap'),
(38, 'Indie Rock'),
(39, 'Gangsta'),
(40, 'Bayou Funk'),
(41, 'Chicago Blues'),
(42, 'Soul-Jazz'),
(43, 'Jazz-Rock'),
(44, 'Afro-Cuban'),
(45, 'Post-Punk'),
(46, 'Glam'),
(47, 'Thrash'),
(48, 'Power Pop'),
(49, 'P.Funk'),
(50, 'Europop'),
(51, 'Synth-pop'),
(52, 'Country Rock'),
(53, 'Acid Rock'),
(54, 'Industrial'),
(55, 'Grunge'),
(56, 'Piano Blues'),
(57, 'Mod'),
(58, 'Pop Rap'),
(59, 'Country Blues'),
(60, 'Musique Concrete'),
(61, 'Heavy Metal'),
(62, 'Electro'),
(63, 'RnB/Swing'),
(64, 'Vocal'),
(65, 'Noise'),
(66, 'Cajun'),
(67, 'Avantgarde'),
(68, 'Modern Classical'),
(69, 'Lo-Fi'),
(70, 'Contemporary Jazz'),
(71, 'Hardcore'),
(72, 'Breakbeat'),
(73, 'AOR'),
(74, 'Funk Metal'),
(75, 'House'),
(76, 'Brit Pop'),
(77, 'Reggae Gospel'),
(78, 'African'),
(79, 'Grime'),
(80, 'Leftfield'),
(81, 'Dub'),
(82, 'Abstract'),
(83, 'Trip Hop'),
(84, 'Rockabilly'),
(85, 'Experimental'),
(86, 'Bossa Nova'),
(87, 'Downtempo'),
(88, 'Techno'),
(89, 'Ballad'),
(90, 'Southern Rock'),
(91, 'Field Recording'),
(92, 'IDM'),
(93, 'Reggae-Pop'),
(94, 'Psychedelic'),
(95, 'Louisiana Blues'),
(96, 'Speed Metal'),
(97, 'Folk Rock'),
(98, 'Pop Punk'),
(99, 'Shoegaze'),
(100, 'Hardcore Hip-Hop'),
(101, 'Ambient'),
(102, 'Emo'),
(103, ' Easy Listening'),
(104, 'Spoken Word'),
(105, 'Arena Rock'),
(106, 'Gospel'),
(107, 'ThugRap'),
(108, 'Bollywood'),
(109, 'Honky Tonk'),
(110, 'Post Rock'),
(111, 'Screw'),
(112, 'Celtic'),
(113, 'Latin Jazz'),
(114, 'Free Improvisation'),
(115, 'Contemporary'),
(116, 'Rocksteady'),
(117, 'Harmonica Blues'),
(118, 'Horrorcore'),
(119, 'Symphonic Rock'),
(120, 'Contemporary R&B'),
(121, 'Hip Hop'),
(122, 'Crunk'),
(123, 'NeoSoul'),
(124, 'Score'),
(125, 'Afrobeat'),
(126, 'Cha-Cha'),
(127, 'JumpBlues'),
(128, 'Dancehall'),
(129, 'Zydeco'),
(130, 'Modern Electric Blues'),
(131, 'DeltaBlues'),
(132, 'Parody'),
(133, 'Rock & Roll');

-- --------------------------------------------------------

--
-- Table structure for table `user`
--

CREATE TABLE `user` (
  `user_id` int(11) NOT NULL COMMENT 'user primary key',
  `username` varchar(255) NOT NULL COMMENT 'name chosen by user',
  `name` varchar(255) NOT NULL COMMENT 'users real name',
  `email` varchar(255) NOT NULL COMMENT 'email of user',
  `adminpriv` tinyint(1) DEFAULT NULL COMMENT 'boolean default 0 defines a users privledge if set to 1 they are admin 0 is registered user',
  `password` varbinary(255) NOT NULL COMMENT 'password encrypted as varbinary never visable to anyone'
) ENGINE=InnoDB DEFAULT CHARSET=utf8mb4;

--
-- Dumping data for table `user`
--

INSERT INTO `user` (`user_id`, `username`, `name`, `email`, `adminpriv`, `password`) VALUES
(22, 'admin321', 'Eugene MC', 'eugene.mcatasney@gmail.com', 1, 0x3638373737636237343430393662323630346131393731353663316430363138),
(26, 'lala', 'new guy', 'woopsie@me.com', NULL, 0x6435316232376632346436363666343637353737626533386132656362323962);

-- --------------------------------------------------------

--
-- Table structure for table `year`
--

CREATE TABLE `year` (
  `year_id` int(11) NOT NULL COMMENT 'year primary key',
  `year` int(11) NOT NULL COMMENT 'year album came out'
) ENGINE=InnoDB DEFAULT CHARSET=utf8mb4;

--
-- Dumping data for table `year`
--

INSERT INTO `year` (`year_id`, `year`) VALUES
(2, 1967),
(3, 1966),
(4, 1965),
(5, 1971),
(6, 1972),
(7, 1979),
(8, 1968),
(9, 1976),
(10, 1959),
(11, 1969),
(12, 1975),
(13, 1991),
(14, 1982),
(15, 1990),
(16, 1970),
(17, 1973),
(18, 1963),
(19, 1977),
(20, 1987),
(21, 2001),
(22, 1984),
(23, 1988),
(24, 1957),
(25, 1964),
(26, 1956),
(27, 2000),
(28, 1986),
(29, 1980),
(30, 1978),
(31, 1955),
(32, 1962),
(33, 2003),
(34, 1995),
(35, 1974),
(36, 2005),
(37, 1960),
(38, 1994),
(39, 1992),
(40, 1985),
(41, 2004),
(42, 1958),
(43, 1989),
(44, 1997),
(45, 2002),
(46, 1998),
(47, 1983),
(48, 2006),
(49, 1981),
(50, 1961),
(51, 1999),
(52, 1993),
(53, 1996),
(54, 2007),
(55, 2010),
(56, 2011),
(57, 2008);

--
-- Indexes for dumped tables
--

--
-- Indexes for table `album`
--
ALTER TABLE `album`
  ADD PRIMARY KEY (`album_id`),
  ADD KEY `FK_album_year` (`year_id`);

--
-- Indexes for table `albums_owned`
--
ALTER TABLE `albums_owned`
  ADD PRIMARY KEY (`albums_owned_id`),
  ADD KEY `FK_album_user` (`album_id`),
  ADD KEY `FK_user_album` (`user_id`);

--
-- Indexes for table `album_genre`
--
ALTER TABLE `album_genre`
  ADD PRIMARY KEY (`album_genre_id`),
  ADD KEY `FK_album_genre` (`album_id`),
  ADD KEY `FK_genre_album` (`Genre_id`);

--
-- Indexes for table `album_name`
--
ALTER TABLE `album_name`
  ADD PRIMARY KEY (`album_name_id`);

--
-- Indexes for table `album_name_album`
--
ALTER TABLE `album_name_album`
  ADD PRIMARY KEY (`album_name_album_id`),
  ADD KEY `FK_album_name` (`album_id`),
  ADD KEY `FK_name_album` (`album_name_id`);

--
-- Indexes for table `album_subgenre`
--
ALTER TABLE `album_subgenre`
  ADD PRIMARY KEY (`album_subgenre_id`),
  ADD KEY `FK_album_subgenre` (`album_id`),
  ADD KEY `FK_subgenre_album` (`subgenre_id`);

--
-- Indexes for table `artist`
--
ALTER TABLE `artist`
  ADD PRIMARY KEY (`Artist_id`);

--
-- Indexes for table `artist_album`
--
ALTER TABLE `artist_album`
  ADD PRIMARY KEY (`artist_album_id`),
  ADD KEY `FK_album_artist` (`album_id`),
  ADD KEY `FK_artist` (`Artist_id`);

--
-- Indexes for table `fav_album`
--
ALTER TABLE `fav_album`
  ADD PRIMARY KEY (`fav_album_id`),
  ADD UNIQUE KEY `album_id` (`album_id`,`user_id`),
  ADD KEY `FK_fav_user` (`user_id`);

--
-- Indexes for table `genre`
--
ALTER TABLE `genre`
  ADD PRIMARY KEY (`Genre_id`);

--
-- Indexes for table `reviews`
--
ALTER TABLE `reviews`
  ADD PRIMARY KEY (`review_id`),
  ADD KEY `FK_album_review` (`album_id`),
  ADD KEY `FK_user_review` (`user_id`);

--
-- Indexes for table `subgenre`
--
ALTER TABLE `subgenre`
  ADD PRIMARY KEY (`subgenre_id`);

--
-- Indexes for table `user`
--
ALTER TABLE `user`
  ADD PRIMARY KEY (`user_id`);

--
-- Indexes for table `year`
--
ALTER TABLE `year`
  ADD PRIMARY KEY (`year_id`);

--
-- AUTO_INCREMENT for dumped tables
--

--
-- AUTO_INCREMENT for table `album`
--
ALTER TABLE `album`
  MODIFY `album_id` int(11) NOT NULL AUTO_INCREMENT COMMENT 'unique number to identify an album', AUTO_INCREMENT=504;

--
-- AUTO_INCREMENT for table `albums_owned`
--
ALTER TABLE `albums_owned`
  MODIFY `albums_owned_id` int(11) NOT NULL AUTO_INCREMENT COMMENT 'unique key for albums owned', AUTO_INCREMENT=71;

--
-- AUTO_INCREMENT for table `album_genre`
--
ALTER TABLE `album_genre`
  MODIFY `album_genre_id` int(11) NOT NULL AUTO_INCREMENT COMMENT 'album genre primary key', AUTO_INCREMENT=722;

--
-- AUTO_INCREMENT for table `album_name`
--
ALTER TABLE `album_name`
  MODIFY `album_name_id` int(11) NOT NULL AUTO_INCREMENT COMMENT 'album name primary key', AUTO_INCREMENT=498;

--
-- AUTO_INCREMENT for table `album_name_album`
--
ALTER TABLE `album_name_album`
  MODIFY `album_name_album_id` int(11) NOT NULL AUTO_INCREMENT COMMENT 'album name album primary key', AUTO_INCREMENT=501;

--
-- AUTO_INCREMENT for table `album_subgenre`
--
ALTER TABLE `album_subgenre`
  MODIFY `album_subgenre_id` int(11) NOT NULL AUTO_INCREMENT COMMENT 'album subgenre primary key', AUTO_INCREMENT=963;

--
-- AUTO_INCREMENT for table `artist`
--
ALTER TABLE `artist`
  MODIFY `Artist_id` int(11) NOT NULL AUTO_INCREMENT COMMENT 'artist id primary key', AUTO_INCREMENT=290;

--
-- AUTO_INCREMENT for table `artist_album`
--
ALTER TABLE `artist_album`
  MODIFY `artist_album_id` int(11) NOT NULL AUTO_INCREMENT COMMENT 'artist album primary key', AUTO_INCREMENT=1001;

--
-- AUTO_INCREMENT for table `fav_album`
--
ALTER TABLE `fav_album`
  MODIFY `fav_album_id` int(11) NOT NULL AUTO_INCREMENT COMMENT 'fav album primary key', AUTO_INCREMENT=20;

--
-- AUTO_INCREMENT for table `genre`
--
ALTER TABLE `genre`
  MODIFY `Genre_id` int(11) NOT NULL AUTO_INCREMENT COMMENT 'genre primary key', AUTO_INCREMENT=14;

--
-- AUTO_INCREMENT for table `reviews`
--
ALTER TABLE `reviews`
  MODIFY `review_id` int(11) NOT NULL AUTO_INCREMENT COMMENT 'review primary key', AUTO_INCREMENT=698;

--
-- AUTO_INCREMENT for table `subgenre`
--
ALTER TABLE `subgenre`
  MODIFY `subgenre_id` int(11) NOT NULL AUTO_INCREMENT COMMENT 'subgenre primary key', AUTO_INCREMENT=134;

--
-- AUTO_INCREMENT for table `user`
--
ALTER TABLE `user`
  MODIFY `user_id` int(11) NOT NULL AUTO_INCREMENT COMMENT 'user primary key', AUTO_INCREMENT=29;

--
-- AUTO_INCREMENT for table `year`
--
ALTER TABLE `year`
  MODIFY `year_id` int(11) NOT NULL AUTO_INCREMENT COMMENT 'year primary key', AUTO_INCREMENT=58;

--
-- Constraints for dumped tables
--

--
-- Constraints for table `album`
--
ALTER TABLE `album`
  ADD CONSTRAINT `FK_album_year` FOREIGN KEY (`year_id`) REFERENCES `year` (`year_id`);

--
-- Constraints for table `albums_owned`
--
ALTER TABLE `albums_owned`
  ADD CONSTRAINT `FK_album_user` FOREIGN KEY (`album_id`) REFERENCES `album` (`album_id`) ON DELETE NO ACTION ON UPDATE NO ACTION,
  ADD CONSTRAINT `FK_user_album` FOREIGN KEY (`user_id`) REFERENCES `user` (`user_id`) ON DELETE NO ACTION ON UPDATE NO ACTION;

--
-- Constraints for table `album_genre`
--
ALTER TABLE `album_genre`
  ADD CONSTRAINT `FK_album_genre` FOREIGN KEY (`album_id`) REFERENCES `album` (`album_id`),
  ADD CONSTRAINT `FK_genre_album` FOREIGN KEY (`Genre_id`) REFERENCES `genre` (`Genre_id`);

--
-- Constraints for table `album_name_album`
--
ALTER TABLE `album_name_album`
  ADD CONSTRAINT `FK_album_name` FOREIGN KEY (`album_id`) REFERENCES `album` (`album_id`),
  ADD CONSTRAINT `FK_name_album` FOREIGN KEY (`album_name_id`) REFERENCES `album_name` (`album_name_id`);

--
-- Constraints for table `album_subgenre`
--
ALTER TABLE `album_subgenre`
  ADD CONSTRAINT `FK_album_subgenre` FOREIGN KEY (`album_id`) REFERENCES `album` (`album_id`),
  ADD CONSTRAINT `FK_subgenre_album` FOREIGN KEY (`subgenre_id`) REFERENCES `subgenre` (`subgenre_id`);

--
-- Constraints for table `artist_album`
--
ALTER TABLE `artist_album`
  ADD CONSTRAINT `FK_album_artist` FOREIGN KEY (`album_id`) REFERENCES `album` (`album_id`),
  ADD CONSTRAINT `FK_artist` FOREIGN KEY (`Artist_id`) REFERENCES `artist` (`Artist_id`);

--
-- Constraints for table `fav_album`
--
ALTER TABLE `fav_album`
  ADD CONSTRAINT `FK_fav_album` FOREIGN KEY (`album_id`) REFERENCES `album` (`album_id`),
  ADD CONSTRAINT `FK_fav_user` FOREIGN KEY (`user_id`) REFERENCES `user` (`user_id`);

--
-- Constraints for table `reviews`
--
ALTER TABLE `reviews`
  ADD CONSTRAINT `FK_album_review` FOREIGN KEY (`album_id`) REFERENCES `album` (`album_id`) ON UPDATE NO ACTION,
  ADD CONSTRAINT `FK_user_review` FOREIGN KEY (`user_id`) REFERENCES `user` (`user_id`) ON UPDATE NO ACTION;
COMMIT;

/*!40101 SET CHARACTER_SET_CLIENT=@OLD_CHARACTER_SET_CLIENT */;
/*!40101 SET CHARACTER_SET_RESULTS=@OLD_CHARACTER_SET_RESULTS */;
/*!40101 SET COLLATION_CONNECTION=@OLD_COLLATION_CONNECTION */;
